week_key,iso_year,iso_week,week_start,week_end,first_prediction_date,last_prediction_date,total_days,played_days,skipped_days,win_days,loss_days,break_even_days,actual_in_bet_days,actual_excluded_days,win_rate,hit_rate,stake_k_vnd,payout_k_vnd,profit_k_vnd,roi,stake_vnd,payout_vnd,profit_vnd,cumulative_stake_k_vnd,cumulative_payout_k_vnd,cumulative_profit_k_vnd,cumulative_profit_vnd,avg_excluded_count,avg_bet_count,min_bet_count,max_bet_count,min_excluded_count,max_excluded_count
2005-W39,2005,39,2005-09-26,2005-10-02,2005-10-02,2005-10-02,1,0,1,0,0,0,0,0,0,0,0,0,0,0,0,0,0,0,0,0,0,0,0,,,,
2005-W40,2005,40,2005-10-03,2005-10-09,2005-10-03,2005-10-09,7,7,0,4,3,0,4,3,0.5714,0.5714,2248,2800,552,0.2456,2248000,2800000,552000,2248,2800,552,552000,59.86,40.14,40,41,59,60
2005-W41,2005,41,2005-10-10,2005-10-16,2005-10-10,2005-10-16,7,7,0,6,1,0,6,1,0.8571,0.8571,2240,4200,1960,0.875,2240000,4200000,1960000,4488,7000,2512,2512000,60,40,40,40,60,60
2005-W42,2005,42,2005-10-17,2005-10-23,2005-10-17,2005-10-23,7,7,0,5,2,0,5,2,0.7143,0.7143,2248,3500,1252,0.5569,2248000,3500000,1252000,6736,10500,3764,3764000,59.86,40.14,40,41,59,60
2005-W43,2005,43,2005-10-24,2005-10-30,2005-10-24,2005-10-30,7,7,0,1,6,0,1,6,0.1429,0.1429,2240,700,-1540,-0.6875,2240000,700000,-1540000,8976,11200,2224,2224000,60,40,40,40,60,60
2005-W44,2005,44,2005-10-31,2005-11-06,2005-10-31,2005-11-06,7,7,0,7,0,0,7,0,1,1,2248,4900,2652,1.1797,2248000,4900000,2652000,11224,16100,4876,4876000,59.86,40.14,40,41,59,60
2005-W45,2005,45,2005-11-07,2005-11-13,2005-11-07,2005-11-13,7,7,0,2,5,0,2,5,0.2857,0.2857,2256,1400,-856,-0.3794,2256000,1400000,-856000,13480,17500,4020,4020000,59.71,40.29,40,41,59,60
2005-W46,2005,46,2005-11-14,2005-11-20,2005-11-14,2005-11-20,7,7,0,4,3,0,4,3,0.5714,0.5714,2264,2800,536,0.2367,2264000,2800000,536000,15744,20300,4556,4556000,59.57,40.43,40,43,57,60
2005-W47,2005,47,2005-11-21,2005-11-27,2005-11-21,2005-11-27,7,7,0,5,2,0,5,2,0.7143,0.7143,2272,3500,1228,0.5405,2272000,3500000,1228000,18016,23800,5784,5784000,59.43,40.57,40,42,58,60
2005-W48,2005,48,2005-11-28,2005-12-04,2005-11-28,2005-12-04,7,7,0,3,4,0,3,4,0.4286,0.4286,2256,2100,-156,-0.0691,2256000,2100000,-156000,20272,25900,5628,5628000,59.71,40.29,40,41,59,60
2005-W49,2005,49,2005-12-05,2005-12-11,2005-12-05,2005-12-11,7,7,0,4,3,0,4,3,0.5714,0.5714,2240,2800,560,0.25,2240000,2800000,560000,22512,28700,6188,6188000,60,40,40,40,60,60
2005-W50,2005,50,2005-12-12,2005-12-18,2005-12-12,2005-12-18,7,7,0,3,4,0,3,4,0.4286,0.4286,2256,2100,-156,-0.0691,2256000,2100000,-156000,24768,30800,6032,6032000,59.71,40.29,40,41,59,60
2005-W51,2005,51,2005-12-19,2005-12-25,2005-12-19,2005-12-25,7,7,0,3,4,0,3,4,0.4286,0.4286,2256,2100,-156,-0.0691,2256000,2100000,-156000,27024,32900,5876,5876000,59.71,40.29,40,41,59,60
2005-W52,2005,52,2005-12-26,2006-01-01,2005-12-26,2006-01-01,7,7,0,6,1,0,6,1,0.8571,0.8571,2248,4200,1952,0.8683,2248000,4200000,1952000,29272,37100,7828,7828000,59.86,40.14,40,41,59,60
2006-W01,2006,1,2006-01-02,2006-01-08,2006-01-02,2006-01-08,7,7,0,5,2,0,5,2,0.7143,0.7143,2264,3500,1236,0.5459,2264000,3500000,1236000,31536,40600,9064,9064000,59.57,40.43,40,42,58,60
2006-W02,2006,2,2006-01-09,2006-01-15,2006-01-09,2006-01-15,7,7,0,5,2,0,5,2,0.7143,0.7143,2248,3500,1252,0.5569,2248000,3500000,1252000,33784,44100,10316,10316000,59.86,40.14,40,41,59,60
2006-W03,2006,3,2006-01-16,2006-01-22,2006-01-16,2006-01-22,7,7,0,6,1,0,6,1,0.8571,0.8571,2256,4200,1944,0.8617,2256000,4200000,1944000,36040,48300,12260,12260000,59.71,40.29,40,41,59,60
2006-W04,2006,4,2006-01-23,2006-01-29,2006-01-23,2006-01-27,5,5,0,3,2,0,3,2,0.6,0.6,1600,2100,500,0.3125,1600000,2100000,500000,37640,50400,12760,12760000,60,40,40,40,60,60
2006-W05,2006,5,2006-01-30,2006-02-05,2006-01-30,2006-02-05,7,7,0,5,2,0,5,2,0.7143,0.7143,2272,3500,1228,0.5405,2272000,3500000,1228000,39912,53900,13988,13988000,59.43,40.57,40,43,57,60
2006-W06,2006,6,2006-02-06,2006-02-12,2006-02-06,2006-02-12,7,7,0,3,4,0,3,4,0.4286,0.4286,2256,2100,-156,-0.0691,2256000,2100000,-156000,42168,56000,13832,13832000,59.71,40.29,40,42,58,60
2006-W07,2006,7,2006-02-13,2006-02-19,2006-02-13,2006-02-19,7,7,0,3,4,0,3,4,0.4286,0.4286,2272,2100,-172,-0.0757,2272000,2100000,-172000,44440,58100,13660,13660000,59.43,40.57,40,42,58,60
2006-W08,2006,8,2006-02-20,2006-02-26,2006-02-20,2006-02-26,7,7,0,4,3,0,4,3,0.5714,0.5714,2240,2800,560,0.25,2240000,2800000,560000,46680,60900,14220,14220000,60,40,40,40,60,60
2006-W09,2006,9,2006-02-27,2006-03-05,2006-02-27,2006-03-05,7,7,0,3,4,0,3,4,0.4286,0.4286,2264,2100,-164,-0.0724,2264000,2100000,-164000,48944,63000,14056,14056000,59.57,40.43,40,42,58,60
2006-W10,2006,10,2006-03-06,2006-03-12,2006-03-06,2006-03-12,7,7,0,6,1,0,6,1,0.8571,0.8571,2264,4200,1936,0.8551,2264000,4200000,1936000,51208,67200,15992,15992000,59.57,40.43,40,42,58,60
2006-W11,2006,11,2006-03-13,2006-03-19,2006-03-13,2006-03-19,7,7,0,4,3,0,4,3,0.5714,0.5714,2240,2800,560,0.25,2240000,2800000,560000,53448,70000,16552,16552000,60,40,40,40,60,60
2006-W12,2006,12,2006-03-20,2006-03-26,2006-03-20,2006-03-26,7,7,0,4,3,0,4,3,0.5714,0.5714,2248,2800,552,0.2456,2248000,2800000,552000,55696,72800,17104,17104000,59.86,40.14,40,41,59,60
2006-W13,2006,13,2006-03-27,2006-04-02,2006-03-27,2006-04-02,7,7,0,3,4,0,3,4,0.4286,0.4286,2240,2100,-140,-0.0625,2240000,2100000,-140000,57936,74900,16964,16964000,60,40,40,40,60,60
2006-W14,2006,14,2006-04-03,2006-04-09,2006-04-03,2006-04-09,7,7,0,2,5,0,2,5,0.2857,0.2857,2256,1400,-856,-0.3794,2256000,1400000,-856000,60192,76300,16108,16108000,59.71,40.29,40,42,58,60
2006-W15,2006,15,2006-04-10,2006-04-16,2006-04-10,2006-04-16,7,7,0,1,6,0,1,6,0.1429,0.1429,2256,700,-1556,-0.6897,2256000,700000,-1556000,62448,77000,14552,14552000,59.71,40.29,40,41,59,60
2006-W16,2006,16,2006-04-17,2006-04-23,2006-04-17,2006-04-23,7,7,0,4,3,0,4,3,0.5714,0.5714,2240,2800,560,0.25,2240000,2800000,560000,64688,79800,15112,15112000,60,40,40,40,60,60
2006-W17,2006,17,2006-04-24,2006-04-30,2006-04-24,2006-04-30,7,7,0,3,4,0,3,4,0.4286,0.4286,2248,2100,-148,-0.0658,2248000,2100000,-148000,66936,81900,14964,14964000,59.86,40.14,40,41,59,60
2006-W18,2006,18,2006-05-01,2006-05-07,2006-05-01,2006-05-07,7,7,0,5,2,0,5,2,0.7143,0.7143,2256,3500,1244,0.5514,2256000,3500000,1244000,69192,85400,16208,16208000,59.71,40.29,40,41,59,60
2006-W19,2006,19,2006-05-08,2006-05-14,2006-05-08,2006-05-14,7,7,0,3,4,0,3,4,0.4286,0.4286,2240,2100,-140,-0.0625,2240000,2100000,-140000,71432,87500,16068,16068000,60,40,40,40,60,60
2006-W20,2006,20,2006-05-15,2006-05-21,2006-05-15,2006-05-21,7,7,0,4,3,0,4,3,0.5714,0.5714,2248,2800,552,0.2456,2248000,2800000,552000,73680,90300,16620,16620000,59.86,40.14,40,41,59,60
2006-W21,2006,21,2006-05-22,2006-05-28,2006-05-22,2006-05-28,7,7,0,4,3,0,4,3,0.5714,0.5714,2264,2800,536,0.2367,2264000,2800000,536000,75944,93100,17156,17156000,59.57,40.43,40,42,58,60
2006-W22,2006,22,2006-05-29,2006-06-04,2006-05-29,2006-06-04,7,7,0,3,4,0,3,4,0.4286,0.4286,2248,2100,-148,-0.0658,2248000,2100000,-148000,78192,95200,17008,17008000,59.86,40.14,40,41,59,60
2006-W23,2006,23,2006-06-05,2006-06-11,2006-06-05,2006-06-11,7,7,0,6,1,0,6,1,0.8571,0.8571,2248,4200,1952,0.8683,2248000,4200000,1952000,80440,99400,18960,18960000,59.86,40.14,40,41,59,60
2006-W24,2006,24,2006-06-12,2006-06-18,2006-06-12,2006-06-18,7,7,0,7,0,0,7,0,1,1,2264,4900,2636,1.1643,2264000,4900000,2636000,82704,104300,21596,21596000,59.57,40.43,40,41,59,60
2006-W25,2006,25,2006-06-19,2006-06-25,2006-06-19,2006-06-25,7,7,0,6,1,0,6,1,0.8571,0.8571,2240,4200,1960,0.875,2240000,4200000,1960000,84944,108500,23556,23556000,60,40,40,40,60,60
2006-W26,2006,26,2006-06-26,2006-07-02,2006-06-26,2006-07-02,7,7,0,6,1,0,6,1,0.8571,0.8571,2248,4200,1952,0.8683,2248000,4200000,1952000,87192,112700,25508,25508000,59.86,40.14,40,41,59,60
2006-W27,2006,27,2006-07-03,2006-07-09,2006-07-03,2006-07-09,7,7,0,6,1,0,6,1,0.8571,0.8571,2240,4200,1960,0.875,2240000,4200000,1960000,89432,116900,27468,27468000,60,40,40,40,60,60
2006-W28,2006,28,2006-07-10,2006-07-16,2006-07-10,2006-07-16,7,7,0,4,3,0,4,3,0.5714,0.5714,2240,2800,560,0.25,2240000,2800000,560000,91672,119700,28028,28028000,60,40,40,40,60,60
2006-W29,2006,29,2006-07-17,2006-07-23,2006-07-17,2006-07-23,7,7,0,5,2,0,5,2,0.7143,0.7143,2256,3500,1244,0.5514,2256000,3500000,1244000,93928,123200,29272,29272000,59.71,40.29,40,41,59,60
2006-W30,2006,30,2006-07-24,2006-07-30,2006-07-24,2006-07-30,7,7,0,3,4,0,3,4,0.4286,0.4286,2240,2100,-140,-0.0625,2240000,2100000,-140000,96168,125300,29132,29132000,60,40,40,40,60,60
2006-W31,2006,31,2006-07-31,2006-08-06,2006-07-31,2006-08-06,7,7,0,3,4,0,3,4,0.4286,0.4286,2272,2100,-172,-0.0757,2272000,2100000,-172000,98440,127400,28960,28960000,59.43,40.57,40,42,58,60
2006-W32,2006,32,2006-08-07,2006-08-13,2006-08-07,2006-08-13,7,7,0,5,2,0,5,2,0.7143,0.7143,2264,3500,1236,0.5459,2264000,3500000,1236000,100704,130900,30196,30196000,59.57,40.43,40,41,59,60
2006-W33,2006,33,2006-08-14,2006-08-20,2006-08-14,2006-08-20,7,7,0,4,3,0,4,3,0.5714,0.5714,2248,2800,552,0.2456,2248000,2800000,552000,102952,133700,30748,30748000,59.86,40.14,40,41,59,60
2006-W34,2006,34,2006-08-21,2006-08-27,2006-08-21,2006-08-27,7,7,0,4,3,0,4,3,0.5714,0.5714,2240,2800,560,0.25,2240000,2800000,560000,105192,136500,31308,31308000,60,40,40,40,60,60
2006-W35,2006,35,2006-08-28,2006-09-03,2006-08-28,2006-09-03,7,7,0,4,3,0,4,3,0.5714,0.5714,2248,2800,552,0.2456,2248000,2800000,552000,107440,139300,31860,31860000,59.86,40.14,40,41,59,60
2006-W36,2006,36,2006-09-04,2006-09-10,2006-09-04,2006-09-10,7,7,0,5,2,0,5,2,0.7143,0.7143,2240,3500,1260,0.5625,2240000,3500000,1260000,109680,142800,33120,33120000,60,40,40,40,60,60
2006-W37,2006,37,2006-09-11,2006-09-17,2006-09-11,2006-09-17,7,7,0,3,4,0,3,4,0.4286,0.4286,2272,2100,-172,-0.0757,2272000,2100000,-172000,111952,144900,32948,32948000,59.43,40.57,40,42,58,60
2006-W38,2006,38,2006-09-18,2006-09-24,2006-09-18,2006-09-24,7,7,0,6,1,0,6,1,0.8571,0.8571,2248,4200,1952,0.8683,2248000,4200000,1952000,114200,149100,34900,34900000,59.86,40.14,40,41,59,60
2006-W39,2006,39,2006-09-25,2006-10-01,2006-09-25,2006-10-01,7,7,0,5,2,0,5,2,0.7143,0.7143,2240,3500,1260,0.5625,2240000,3500000,1260000,116440,152600,36160,36160000,60,40,40,40,60,60
2006-W40,2006,40,2006-10-02,2006-10-08,2006-10-02,2006-10-08,7,7,0,4,3,0,4,3,0.5714,0.5714,2248,2800,552,0.2456,2248000,2800000,552000,118688,155400,36712,36712000,59.86,40.14,40,41,59,60
2006-W41,2006,41,2006-10-09,2006-10-15,2006-10-09,2006-10-15,7,7,0,5,2,0,5,2,0.7143,0.7143,2240,3500,1260,0.5625,2240000,3500000,1260000,120928,158900,37972,37972000,60,40,40,40,60,60
2006-W42,2006,42,2006-10-16,2006-10-22,2006-10-16,2006-10-22,7,7,0,2,5,0,2,5,0.2857,0.2857,2256,1400,-856,-0.3794,2256000,1400000,-856000,123184,160300,37116,37116000,59.71,40.29,40,41,59,60
2006-W43,2006,43,2006-10-23,2006-10-29,2006-10-23,2006-10-29,7,7,0,4,3,0,4,3,0.5714,0.5714,2272,2800,528,0.2324,2272000,2800000,528000,125456,163100,37644,37644000,59.43,40.57,40,43,57,60
2006-W44,2006,44,2006-10-30,2006-11-05,2006-10-30,2006-11-05,7,7,0,4,3,0,4,3,0.5714,0.5714,2248,2800,552,0.2456,2248000,2800000,552000,127704,165900,38196,38196000,59.86,40.14,40,41,59,60
2006-W45,2006,45,2006-11-06,2006-11-12,2006-11-06,2006-11-12,7,7,0,5,2,0,5,2,0.7143,0.7143,2248,3500,1252,0.5569,2248000,3500000,1252000,129952,169400,39448,39448000,59.86,40.14,40,41,59,60
2006-W46,2006,46,2006-11-13,2006-11-19,2006-11-13,2006-11-19,7,7,0,4,3,0,4,3,0.5714,0.5714,2248,2800,552,0.2456,2248000,2800000,552000,132200,172200,40000,40000000,59.86,40.14,40,41,59,60
2006-W47,2006,47,2006-11-20,2006-11-26,2006-11-20,2006-11-26,7,7,0,6,1,0,6,1,0.8571,0.8571,2256,4200,1944,0.8617,2256000,4200000,1944000,134456,176400,41944,41944000,59.71,40.29,40,42,58,60
2006-W48,2006,48,2006-11-27,2006-12-03,2006-11-27,2006-12-03,7,7,0,5,2,0,5,2,0.7143,0.7143,2240,3500,1260,0.5625,2240000,3500000,1260000,136696,179900,43204,43204000,60,40,40,40,60,60
2006-W49,2006,49,2006-12-04,2006-12-10,2006-12-04,2006-12-10,7,7,0,5,2,0,5,2,0.7143,0.7143,2256,3500,1244,0.5514,2256000,3500000,1244000,138952,183400,44448,44448000,59.71,40.29,40,41,59,60
2006-W50,2006,50,2006-12-11,2006-12-17,2006-12-11,2006-12-17,7,7,0,4,3,0,4,3,0.5714,0.5714,2248,2800,552,0.2456,2248000,2800000,552000,141200,186200,45000,45000000,59.86,40.14,40,41,59,60
2006-W51,2006,51,2006-12-18,2006-12-24,2006-12-18,2006-12-24,7,7,0,5,2,0,5,2,0.7143,0.7143,2240,3500,1260,0.5625,2240000,3500000,1260000,143440,189700,46260,46260000,60,40,40,40,60,60
2006-W52,2006,52,2006-12-25,2006-12-31,2006-12-25,2006-12-31,7,7,0,2,5,0,2,5,0.2857,0.2857,2248,1400,-848,-0.3772,2248000,1400000,-848000,145688,191100,45412,45412000,59.86,40.14,40,41,59,60
2007-W01,2007,1,2007-01-01,2007-01-07,2007-01-01,2007-01-07,7,7,0,4,3,0,4,3,0.5714,0.5714,2240,2800,560,0.25,2240000,2800000,560000,147928,193900,45972,45972000,60,40,40,40,60,60
2007-W02,2007,2,2007-01-08,2007-01-14,2007-01-08,2007-01-14,7,7,0,5,2,0,5,2,0.7143,0.7143,2256,3500,1244,0.5514,2256000,3500000,1244000,150184,197400,47216,47216000,59.71,40.29,40,41,59,60
2007-W03,2007,3,2007-01-15,2007-01-21,2007-01-15,2007-01-21,7,7,0,3,4,0,3,4,0.4286,0.4286,2248,2100,-148,-0.0658,2248000,2100000,-148000,152432,199500,47068,47068000,59.86,40.14,40,41,59,60
2007-W04,2007,4,2007-01-22,2007-01-28,2007-01-22,2007-01-28,7,7,0,4,3,0,4,3,0.5714,0.5714,2240,2800,560,0.25,2240000,2800000,560000,154672,202300,47628,47628000,60,40,40,40,60,60
2007-W05,2007,5,2007-01-29,2007-02-04,2007-01-29,2007-02-04,7,7,0,6,1,0,6,1,0.8571,0.8571,2256,4200,1944,0.8617,2256000,4200000,1944000,156928,206500,49572,49572000,59.71,40.29,40,41,59,60
2007-W06,2007,6,2007-02-05,2007-02-11,2007-02-05,2007-02-11,7,7,0,4,3,0,4,3,0.5714,0.5714,2248,2800,552,0.2456,2248000,2800000,552000,159176,209300,50124,50124000,59.86,40.14,40,41,59,60
2007-W07,2007,7,2007-02-12,2007-02-18,2007-02-12,2007-02-18,5,5,0,3,2,0,3,2,0.6,0.6,1576,2100,524,0.3325,1576000,2100000,524000,160752,211400,50648,50648000,60.6,39.4,37,40,60,63
2007-W08,2007,8,2007-02-19,2007-02-25,2007-02-19,2007-02-25,7,7,0,5,2,0,5,2,0.7143,0.7143,2376,3500,1124,0.4731,2376000,3500000,1124000,163128,214900,51772,51772000,57.57,42.43,40,55,45,60
2007-W09,2007,9,2007-02-26,2007-03-04,2007-02-26,2007-03-04,7,7,0,2,5,0,2,5,0.2857,0.2857,2264,1400,-864,-0.3816,2264000,1400000,-864000,165392,216300,50908,50908000,59.57,40.43,40,42,58,60
2007-W10,2007,10,2007-03-05,2007-03-11,2007-03-05,2007-03-11,7,7,0,2,5,0,2,5,0.2857,0.2857,2240,1400,-840,-0.375,2240000,1400000,-840000,167632,217700,50068,50068000,60,40,40,40,60,60
2007-W11,2007,11,2007-03-12,2007-03-18,2007-03-12,2007-03-18,7,7,0,4,3,0,4,3,0.5714,0.5714,2248,2800,552,0.2456,2248000,2800000,552000,169880,220500,50620,50620000,59.86,40.14,40,41,59,60
2007-W12,2007,12,2007-03-19,2007-03-25,2007-03-19,2007-03-25,7,7,0,5,2,0,5,2,0.7143,0.7143,2240,3500,1260,0.5625,2240000,3500000,1260000,172120,224000,51880,51880000,60,40,40,40,60,60
2007-W13,2007,13,2007-03-26,2007-04-01,2007-03-26,2007-04-01,7,7,0,4,3,0,4,3,0.5714,0.5714,2248,2800,552,0.2456,2248000,2800000,552000,174368,226800,52432,52432000,59.86,40.14,40,41,59,60
2007-W14,2007,14,2007-04-02,2007-04-08,2007-04-02,2007-04-08,7,7,0,6,1,0,6,1,0.8571,0.8571,2256,4200,1944,0.8617,2256000,4200000,1944000,176624,231000,54376,54376000,59.71,40.29,40,41,59,60
2007-W15,2007,15,2007-04-09,2007-04-15,2007-04-09,2007-04-15,7,7,0,5,2,0,5,2,0.7143,0.7143,2248,3500,1252,0.5569,2248000,3500000,1252000,178872,234500,55628,55628000,59.86,40.14,40,41,59,60
2007-W16,2007,16,2007-04-16,2007-04-22,2007-04-16,2007-04-22,7,7,0,2,5,0,2,5,0.2857,0.2857,2256,1400,-856,-0.3794,2256000,1400000,-856000,181128,235900,54772,54772000,59.71,40.29,40,41,59,60
2007-W17,2007,17,2007-04-23,2007-04-29,2007-04-23,2007-04-29,7,7,0,3,4,0,3,4,0.4286,0.4286,2240,2100,-140,-0.0625,2240000,2100000,-140000,183368,238000,54632,54632000,60,40,40,40,60,60
2007-W18,2007,18,2007-04-30,2007-05-06,2007-04-30,2007-05-06,7,7,0,5,2,0,5,2,0.7143,0.7143,2264,3500,1236,0.5459,2264000,3500000,1236000,185632,241500,55868,55868000,59.57,40.43,40,41,59,60
2007-W19,2007,19,2007-05-07,2007-05-13,2007-05-07,2007-05-13,7,7,0,4,3,0,4,3,0.5714,0.5714,2264,2800,536,0.2367,2264000,2800000,536000,187896,244300,56404,56404000,59.57,40.43,40,41,59,60
2007-W20,2007,20,2007-05-14,2007-05-20,2007-05-14,2007-05-20,7,7,0,3,4,0,3,4,0.4286,0.4286,2272,2100,-172,-0.0757,2272000,2100000,-172000,190168,246400,56232,56232000,59.43,40.57,40,42,58,60
2007-W21,2007,21,2007-05-21,2007-05-27,2007-05-21,2007-05-27,7,7,0,5,2,0,5,2,0.7143,0.7143,2240,3500,1260,0.5625,2240000,3500000,1260000,192408,249900,57492,57492000,60,40,40,40,60,60
2007-W22,2007,22,2007-05-28,2007-06-03,2007-05-28,2007-06-03,7,7,0,4,3,0,4,3,0.5714,0.5714,2264,2800,536,0.2367,2264000,2800000,536000,194672,252700,58028,58028000,59.57,40.43,40,41,59,60
2007-W23,2007,23,2007-06-04,2007-06-10,2007-06-04,2007-06-10,7,7,0,4,3,0,4,3,0.5714,0.5714,2248,2800,552,0.2456,2248000,2800000,552000,196920,255500,58580,58580000,59.86,40.14,40,41,59,60
2007-W24,2007,24,2007-06-11,2007-06-17,2007-06-11,2007-06-17,7,7,0,3,4,0,3,4,0.4286,0.4286,2240,2100,-140,-0.0625,2240000,2100000,-140000,199160,257600,58440,58440000,60,40,40,40,60,60
2007-W25,2007,25,2007-06-18,2007-06-24,2007-06-18,2007-06-24,7,7,0,4,3,0,4,3,0.5714,0.5714,2256,2800,544,0.2411,2256000,2800000,544000,201416,260400,58984,58984000,59.71,40.29,40,41,59,60
2007-W26,2007,26,2007-06-25,2007-07-01,2007-06-25,2007-07-01,7,7,0,5,2,0,5,2,0.7143,0.7143,2248,3500,1252,0.5569,2248000,3500000,1252000,203664,263900,60236,60236000,59.86,40.14,40,41,59,60
2007-W27,2007,27,2007-07-02,2007-07-08,2007-07-02,2007-07-08,7,7,0,5,2,0,5,2,0.7143,0.7143,2248,3500,1252,0.5569,2248000,3500000,1252000,205912,267400,61488,61488000,59.86,40.14,40,41,59,60
2007-W28,2007,28,2007-07-09,2007-07-15,2007-07-09,2007-07-15,7,7,0,6,1,0,6,1,0.8571,0.8571,2248,4200,1952,0.8683,2248000,4200000,1952000,208160,271600,63440,63440000,59.86,40.14,40,41,59,60
2007-W29,2007,29,2007-07-16,2007-07-22,2007-07-16,2007-07-22,7,7,0,5,2,0,5,2,0.7143,0.7143,2248,3500,1252,0.5569,2248000,3500000,1252000,210408,275100,64692,64692000,59.86,40.14,40,41,59,60
2007-W30,2007,30,2007-07-23,2007-07-29,2007-07-23,2007-07-29,7,7,0,2,5,0,2,5,0.2857,0.2857,2240,1400,-840,-0.375,2240000,1400000,-840000,212648,276500,63852,63852000,60,40,40,40,60,60
2007-W31,2007,31,2007-07-30,2007-08-05,2007-07-30,2007-08-05,7,7,0,4,3,0,4,3,0.5714,0.5714,2256,2800,544,0.2411,2256000,2800000,544000,214904,279300,64396,64396000,59.71,40.29,40,42,58,60
2007-W32,2007,32,2007-08-06,2007-08-12,2007-08-06,2007-08-12,7,7,0,5,2,0,5,2,0.7143,0.7143,2264,3500,1236,0.5459,2264000,3500000,1236000,217168,282800,65632,65632000,59.57,40.43,40,42,58,60
2007-W33,2007,33,2007-08-13,2007-08-19,2007-08-13,2007-08-19,7,7,0,2,5,0,2,5,0.2857,0.2857,2248,1400,-848,-0.3772,2248000,1400000,-848000,219416,284200,64784,64784000,59.86,40.14,40,41,59,60
2007-W34,2007,34,2007-08-20,2007-08-26,2007-08-20,2007-08-26,7,7,0,3,4,0,3,4,0.4286,0.4286,2248,2100,-148,-0.0658,2248000,2100000,-148000,221664,286300,64636,64636000,59.86,40.14,40,41,59,60
2007-W35,2007,35,2007-08-27,2007-09-02,2007-08-27,2007-09-02,7,7,0,6,1,0,6,1,0.8571,0.8571,2264,4200,1936,0.8551,2264000,4200000,1936000,223928,290500,66572,66572000,59.57,40.43,40,42,58,60
2007-W36,2007,36,2007-09-03,2007-09-09,2007-09-03,2007-09-09,7,7,0,5,2,0,5,2,0.7143,0.7143,2240,3500,1260,0.5625,2240000,3500000,1260000,226168,294000,67832,67832000,60,40,40,40,60,60
2007-W37,2007,37,2007-09-10,2007-09-16,2007-09-10,2007-09-16,7,7,0,5,2,0,5,2,0.7143,0.7143,2264,3500,1236,0.5459,2264000,3500000,1236000,228432,297500,69068,69068000,59.57,40.43,40,41,59,60
2007-W38,2007,38,2007-09-17,2007-09-23,2007-09-17,2007-09-23,7,7,0,5,2,0,5,2,0.7143,0.7143,2248,3500,1252,0.5569,2248000,3500000,1252000,230680,301000,70320,70320000,59.86,40.14,40,41,59,60
2007-W39,2007,39,2007-09-24,2007-09-30,2007-09-24,2007-09-30,7,7,0,5,2,0,5,2,0.7143,0.7143,2248,3500,1252,0.5569,2248000,3500000,1252000,232928,304500,71572,71572000,59.86,40.14,40,41,59,60
2007-W40,2007,40,2007-10-01,2007-10-07,2007-10-01,2007-10-07,7,7,0,3,4,0,3,4,0.4286,0.4286,2248,2100,-148,-0.0658,2248000,2100000,-148000,235176,306600,71424,71424000,59.86,40.14,40,41,59,60
2007-W41,2007,41,2007-10-08,2007-10-14,2007-10-08,2007-10-14,7,7,0,6,1,0,6,1,0.8571,0.8571,2256,4200,1944,0.8617,2256000,4200000,1944000,237432,310800,73368,73368000,59.71,40.29,40,41,59,60
2007-W42,2007,42,2007-10-15,2007-10-21,2007-10-15,2007-10-21,7,7,0,6,1,0,6,1,0.8571,0.8571,2248,4200,1952,0.8683,2248000,4200000,1952000,239680,315000,75320,75320000,59.86,40.14,40,41,59,60
2007-W43,2007,43,2007-10-22,2007-10-28,2007-10-22,2007-10-28,7,7,0,3,4,0,3,4,0.4286,0.4286,2240,2100,-140,-0.0625,2240000,2100000,-140000,241920,317100,75180,75180000,60,40,40,40,60,60
2007-W44,2007,44,2007-10-29,2007-11-04,2007-10-29,2007-11-04,7,7,0,6,1,0,6,1,0.8571,0.8571,2248,4200,1952,0.8683,2248000,4200000,1952000,244168,321300,77132,77132000,59.86,40.14,40,41,59,60
2007-W45,2007,45,2007-11-05,2007-11-11,2007-11-05,2007-11-11,7,7,0,5,2,0,5,2,0.7143,0.7143,2248,3500,1252,0.5569,2248000,3500000,1252000,246416,324800,78384,78384000,59.86,40.14,40,41,59,60
2007-W46,2007,46,2007-11-12,2007-11-18,2007-11-12,2007-11-18,7,7,0,3,4,0,3,4,0.4286,0.4286,2256,2100,-156,-0.0691,2256000,2100000,-156000,248672,326900,78228,78228000,59.71,40.29,40,41,59,60
2007-W47,2007,47,2007-11-19,2007-11-25,2007-11-19,2007-11-25,7,7,0,5,2,0,5,2,0.7143,0.7143,2248,3500,1252,0.5569,2248000,3500000,1252000,250920,330400,79480,79480000,59.86,40.14,40,41,59,60
2007-W48,2007,48,2007-11-26,2007-12-02,2007-11-26,2007-12-02,7,7,0,4,3,0,4,3,0.5714,0.5714,2240,2800,560,0.25,2240000,2800000,560000,253160,333200,80040,80040000,60,40,40,40,60,60
2007-W49,2007,49,2007-12-03,2007-12-09,2007-12-03,2007-12-09,7,7,0,6,1,0,6,1,0.8571,0.8571,2248,4200,1952,0.8683,2248000,4200000,1952000,255408,337400,81992,81992000,59.86,40.14,40,41,59,60
2007-W50,2007,50,2007-12-10,2007-12-16,2007-12-10,2007-12-16,7,7,0,2,5,0,2,5,0.2857,0.2857,2240,1400,-840,-0.375,2240000,1400000,-840000,257648,338800,81152,81152000,60,40,40,40,60,60
2007-W51,2007,51,2007-12-17,2007-12-23,2007-12-17,2007-12-23,7,7,0,1,6,0,1,6,0.1429,0.1429,2256,700,-1556,-0.6897,2256000,700000,-1556000,259904,339500,79596,79596000,59.71,40.29,40,41,59,60
2007-W52,2007,52,2007-12-24,2007-12-30,2007-12-24,2007-12-30,7,7,0,5,2,0,5,2,0.7143,0.7143,2256,3500,1244,0.5514,2256000,3500000,1244000,262160,343000,80840,80840000,59.71,40.29,40,41,59,60
2008-W01,2008,1,2007-12-31,2008-01-06,2007-12-31,2008-01-06,7,7,0,6,1,0,6,1,0.8571,0.8571,2248,4200,1952,0.8683,2248000,4200000,1952000,264408,347200,82792,82792000,59.86,40.14,40,41,59,60
2008-W02,2008,2,2008-01-07,2008-01-13,2008-01-07,2008-01-13,7,7,0,6,1,0,6,1,0.8571,0.8571,2256,4200,1944,0.8617,2256000,4200000,1944000,266664,351400,84736,84736000,59.71,40.29,40,41,59,60
2008-W03,2008,3,2008-01-14,2008-01-20,2008-01-14,2008-01-20,7,7,0,3,4,0,3,4,0.4286,0.4286,2264,2100,-164,-0.0724,2264000,2100000,-164000,268928,353500,84572,84572000,59.57,40.43,40,42,58,60
2008-W04,2008,4,2008-01-21,2008-01-27,2008-01-21,2008-01-27,7,7,0,5,2,0,5,2,0.7143,0.7143,2248,3500,1252,0.5569,2248000,3500000,1252000,271176,357000,85824,85824000,59.86,40.14,40,41,59,60
2008-W05,2008,5,2008-01-28,2008-02-03,2008-01-28,2008-02-03,7,7,0,3,4,0,3,4,0.4286,0.4286,2248,2100,-148,-0.0658,2248000,2100000,-148000,273424,359100,85676,85676000,59.86,40.14,40,41,59,60
2008-W06,2008,6,2008-02-04,2008-02-10,2008-02-04,2008-02-10,5,5,0,4,1,0,4,1,0.8,0.8,1616,2800,1184,0.7327,1616000,2800000,1184000,275040,361900,86860,86860000,59.6,40.4,40,41,59,60
2008-W07,2008,7,2008-02-11,2008-02-17,2008-02-11,2008-02-17,7,7,0,2,5,0,2,5,0.2857,0.2857,2256,1400,-856,-0.3794,2256000,1400000,-856000,277296,363300,86004,86004000,59.71,40.29,40,42,58,60
2008-W08,2008,8,2008-02-18,2008-02-24,2008-02-18,2008-02-24,7,7,0,3,4,0,3,4,0.4286,0.4286,2248,2100,-148,-0.0658,2248000,2100000,-148000,279544,365400,85856,85856000,59.86,40.14,40,41,59,60
2008-W09,2008,9,2008-02-25,2008-03-02,2008-02-25,2008-03-02,7,7,0,6,1,0,6,1,0.8571,0.8571,2264,4200,1936,0.8551,2264000,4200000,1936000,281808,369600,87792,87792000,59.57,40.43,40,41,59,60
2008-W10,2008,10,2008-03-03,2008-03-09,2008-03-03,2008-03-09,7,7,0,3,4,0,3,4,0.4286,0.4286,2256,2100,-156,-0.0691,2256000,2100000,-156000,284064,371700,87636,87636000,59.71,40.29,40,41,59,60
2008-W11,2008,11,2008-03-10,2008-03-16,2008-03-10,2008-03-16,7,7,0,3,4,0,3,4,0.4286,0.4286,2256,2100,-156,-0.0691,2256000,2100000,-156000,286320,373800,87480,87480000,59.71,40.29,40,41,59,60
2008-W12,2008,12,2008-03-17,2008-03-23,2008-03-17,2008-03-23,7,7,0,2,5,0,2,5,0.2857,0.2857,2248,1400,-848,-0.3772,2248000,1400000,-848000,288568,375200,86632,86632000,59.86,40.14,40,41,59,60
2008-W13,2008,13,2008-03-24,2008-03-30,2008-03-24,2008-03-30,7,7,0,4,3,0,4,3,0.5714,0.5714,2256,2800,544,0.2411,2256000,2800000,544000,290824,378000,87176,87176000,59.71,40.29,40,41,59,60
2008-W14,2008,14,2008-03-31,2008-04-06,2008-03-31,2008-04-06,7,7,0,4,3,0,4,3,0.5714,0.5714,2248,2800,552,0.2456,2248000,2800000,552000,293072,380800,87728,87728000,59.86,40.14,40,41,59,60
2008-W15,2008,15,2008-04-07,2008-04-13,2008-04-07,2008-04-13,7,7,0,4,3,0,4,3,0.5714,0.5714,2248,2800,552,0.2456,2248000,2800000,552000,295320,383600,88280,88280000,59.86,40.14,40,41,59,60
2008-W16,2008,16,2008-04-14,2008-04-20,2008-04-14,2008-04-20,7,7,0,4,3,0,4,3,0.5714,0.5714,2240,2800,560,0.25,2240000,2800000,560000,297560,386400,88840,88840000,60,40,40,40,60,60
2008-W17,2008,17,2008-04-21,2008-04-27,2008-04-21,2008-04-27,7,7,0,5,2,0,5,2,0.7143,0.7143,2240,3500,1260,0.5625,2240000,3500000,1260000,299800,389900,90100,90100000,60,40,40,40,60,60
2008-W18,2008,18,2008-04-28,2008-05-04,2008-04-28,2008-05-04,7,7,0,3,4,0,3,4,0.4286,0.4286,2256,2100,-156,-0.0691,2256000,2100000,-156000,302056,392000,89944,89944000,59.71,40.29,40,41,59,60
2008-W19,2008,19,2008-05-05,2008-05-11,2008-05-05,2008-05-11,7,7,0,4,3,0,4,3,0.5714,0.5714,2240,2800,560,0.25,2240000,2800000,560000,304296,394800,90504,90504000,60,40,40,40,60,60
2008-W20,2008,20,2008-05-12,2008-05-18,2008-05-12,2008-05-18,7,7,0,3,4,0,3,4,0.4286,0.4286,2256,2100,-156,-0.0691,2256000,2100000,-156000,306552,396900,90348,90348000,59.71,40.29,40,41,59,60
2008-W21,2008,21,2008-05-19,2008-05-25,2008-05-19,2008-05-25,7,7,0,3,4,0,3,4,0.4286,0.4286,2248,2100,-148,-0.0658,2248000,2100000,-148000,308800,399000,90200,90200000,59.86,40.14,40,41,59,60
2008-W22,2008,22,2008-05-26,2008-06-01,2008-05-26,2008-06-01,7,7,0,6,1,0,6,1,0.8571,0.8571,2256,4200,1944,0.8617,2256000,4200000,1944000,311056,403200,92144,92144000,59.71,40.29,40,41,59,60
2008-W23,2008,23,2008-06-02,2008-06-08,2008-06-02,2008-06-08,7,7,0,4,3,0,4,3,0.5714,0.5714,2240,2800,560,0.25,2240000,2800000,560000,313296,406000,92704,92704000,60,40,40,40,60,60
2008-W24,2008,24,2008-06-09,2008-06-15,2008-06-09,2008-06-15,7,7,0,6,1,0,6,1,0.8571,0.8571,2248,4200,1952,0.8683,2248000,4200000,1952000,315544,410200,94656,94656000,59.86,40.14,40,41,59,60
2008-W25,2008,25,2008-06-16,2008-06-22,2008-06-16,2008-06-22,7,7,0,5,2,0,5,2,0.7143,0.7143,2248,3500,1252,0.5569,2248000,3500000,1252000,317792,413700,95908,95908000,59.86,40.14,40,41,59,60
2008-W26,2008,26,2008-06-23,2008-06-29,2008-06-23,2008-06-29,7,7,0,4,3,0,4,3,0.5714,0.5714,2248,2800,552,0.2456,2248000,2800000,552000,320040,416500,96460,96460000,59.86,40.14,40,41,59,60
2008-W27,2008,27,2008-06-30,2008-07-06,2008-06-30,2008-07-06,7,7,0,4,3,0,4,3,0.5714,0.5714,2240,2800,560,0.25,2240000,2800000,560000,322280,419300,97020,97020000,60,40,40,40,60,60
2008-W28,2008,28,2008-07-07,2008-07-13,2008-07-07,2008-07-13,7,7,0,4,3,0,4,3,0.5714,0.5714,2248,2800,552,0.2456,2248000,2800000,552000,324528,422100,97572,97572000,59.86,40.14,40,41,59,60
2008-W29,2008,29,2008-07-14,2008-07-20,2008-07-14,2008-07-20,7,7,0,4,3,0,4,3,0.5714,0.5714,2248,2800,552,0.2456,2248000,2800000,552000,326776,424900,98124,98124000,59.86,40.14,40,41,59,60
2008-W30,2008,30,2008-07-21,2008-07-27,2008-07-21,2008-07-27,7,7,0,6,1,0,6,1,0.8571,0.8571,2256,4200,1944,0.8617,2256000,4200000,1944000,329032,429100,100068,100068000,59.71,40.29,40,41,59,60
2008-W31,2008,31,2008-07-28,2008-08-03,2008-07-28,2008-08-03,7,7,0,5,2,0,5,2,0.7143,0.7143,2256,3500,1244,0.5514,2256000,3500000,1244000,331288,432600,101312,101312000,59.71,40.29,40,41,59,60
2008-W32,2008,32,2008-08-04,2008-08-10,2008-08-04,2008-08-10,7,7,0,1,6,0,1,6,0.1429,0.1429,2248,700,-1548,-0.6886,2248000,700000,-1548000,333536,433300,99764,99764000,59.86,40.14,40,41,59,60
2008-W33,2008,33,2008-08-11,2008-08-17,2008-08-11,2008-08-17,7,7,0,7,0,0,7,0,1,1,2240,4900,2660,1.1875,2240000,4900000,2660000,335776,438200,102424,102424000,60,40,40,40,60,60
2008-W34,2008,34,2008-08-18,2008-08-24,2008-08-18,2008-08-24,7,7,0,4,3,0,4,3,0.5714,0.5714,2248,2800,552,0.2456,2248000,2800000,552000,338024,441000,102976,102976000,59.86,40.14,40,41,59,60
2008-W35,2008,35,2008-08-25,2008-08-31,2008-08-25,2008-08-31,7,7,0,4,3,0,4,3,0.5714,0.5714,2240,2800,560,0.25,2240000,2800000,560000,340264,443800,103536,103536000,60,40,40,40,60,60
2008-W36,2008,36,2008-09-01,2008-09-07,2008-09-01,2008-09-07,7,7,0,5,2,0,5,2,0.7143,0.7143,2264,3500,1236,0.5459,2264000,3500000,1236000,342528,447300,104772,104772000,59.57,40.43,40,41,59,60
2008-W37,2008,37,2008-09-08,2008-09-14,2008-09-08,2008-09-14,7,7,0,6,1,0,6,1,0.8571,0.8571,2248,4200,1952,0.8683,2248000,4200000,1952000,344776,451500,106724,106724000,59.86,40.14,40,41,59,60
2008-W38,2008,38,2008-09-15,2008-09-21,2008-09-15,2008-09-21,7,7,0,4,3,0,4,3,0.5714,0.5714,2264,2800,536,0.2367,2264000,2800000,536000,347040,454300,107260,107260000,59.57,40.43,40,41,59,60
2008-W39,2008,39,2008-09-22,2008-09-28,2008-09-22,2008-09-28,7,7,0,4,3,0,4,3,0.5714,0.5714,2240,2800,560,0.25,2240000,2800000,560000,349280,457100,107820,107820000,60,40,40,40,60,60
2008-W40,2008,40,2008-09-29,2008-10-05,2008-09-29,2008-10-05,7,7,0,3,4,0,3,4,0.4286,0.4286,2248,2100,-148,-0.0658,2248000,2100000,-148000,351528,459200,107672,107672000,59.86,40.14,40,41,59,60
2008-W41,2008,41,2008-10-06,2008-10-12,2008-10-06,2008-10-12,7,7,0,5,2,0,5,2,0.7143,0.7143,2272,3500,1228,0.5405,2272000,3500000,1228000,353800,462700,108900,108900000,59.43,40.57,40,42,58,60
2008-W42,2008,42,2008-10-13,2008-10-19,2008-10-13,2008-10-19,7,7,0,4,3,0,4,3,0.5714,0.5714,2248,2800,552,0.2456,2248000,2800000,552000,356048,465500,109452,109452000,59.86,40.14,40,41,59,60
2008-W43,2008,43,2008-10-20,2008-10-26,2008-10-20,2008-10-26,7,7,0,3,4,0,3,4,0.4286,0.4286,2264,2100,-164,-0.0724,2264000,2100000,-164000,358312,467600,109288,109288000,59.57,40.43,40,41,59,60
2008-W44,2008,44,2008-10-27,2008-11-02,2008-10-27,2008-11-02,7,7,0,3,4,0,3,4,0.4286,0.4286,2264,2100,-164,-0.0724,2264000,2100000,-164000,360576,469700,109124,109124000,59.57,40.43,40,41,59,60
2008-W45,2008,45,2008-11-03,2008-11-09,2008-11-03,2008-11-09,7,7,0,4,3,0,4,3,0.5714,0.5714,2248,2800,552,0.2456,2248000,2800000,552000,362824,472500,109676,109676000,59.86,40.14,40,41,59,60
2008-W46,2008,46,2008-11-10,2008-11-16,2008-11-10,2008-11-16,7,7,0,3,4,0,3,4,0.4286,0.4286,2240,2100,-140,-0.0625,2240000,2100000,-140000,365064,474600,109536,109536000,60,40,40,40,60,60
2008-W47,2008,47,2008-11-17,2008-11-23,2008-11-17,2008-11-23,7,7,0,7,0,0,7,0,1,1,2256,4900,2644,1.172,2256000,4900000,2644000,367320,479500,112180,112180000,59.71,40.29,40,41,59,60
2008-W48,2008,48,2008-11-24,2008-11-30,2008-11-24,2008-11-30,7,7,0,3,4,0,3,4,0.4286,0.4286,2256,2100,-156,-0.0691,2256000,2100000,-156000,369576,481600,112024,112024000,59.71,40.29,40,41,59,60
2008-W49,2008,49,2008-12-01,2008-12-07,2008-12-01,2008-12-07,7,7,0,5,2,0,5,2,0.7143,0.7143,2256,3500,1244,0.5514,2256000,3500000,1244000,371832,485100,113268,113268000,59.71,40.29,40,41,59,60
2008-W50,2008,50,2008-12-08,2008-12-14,2008-12-08,2008-12-14,7,7,0,6,1,0,6,1,0.8571,0.8571,2248,4200,1952,0.8683,2248000,4200000,1952000,374080,489300,115220,115220000,59.86,40.14,40,41,59,60
2008-W51,2008,51,2008-12-15,2008-12-21,2008-12-15,2008-12-21,7,7,0,6,1,0,6,1,0.8571,0.8571,2248,4200,1952,0.8683,2248000,4200000,1952000,376328,493500,117172,117172000,59.86,40.14,40,41,59,60
2008-W52,2008,52,2008-12-22,2008-12-28,2008-12-22,2008-12-28,7,7,0,5,2,0,5,2,0.7143,0.7143,2256,3500,1244,0.5514,2256000,3500000,1244000,378584,497000,118416,118416000,59.71,40.29,40,42,58,60
2009-W01,2009,1,2008-12-29,2009-01-04,2008-12-29,2009-01-04,7,7,0,4,3,0,4,3,0.5714,0.5714,2248,2800,552,0.2456,2248000,2800000,552000,380832,499800,118968,118968000,59.86,40.14,40,41,59,60
2009-W02,2009,2,2009-01-05,2009-01-11,2009-01-05,2009-01-11,7,7,0,4,3,0,4,3,0.5714,0.5714,2240,2800,560,0.25,2240000,2800000,560000,383072,502600,119528,119528000,60,40,40,40,60,60
2009-W03,2009,3,2009-01-12,2009-01-18,2009-01-12,2009-01-18,7,7,0,3,4,0,3,4,0.4286,0.4286,2264,2100,-164,-0.0724,2264000,2100000,-164000,385336,504700,119364,119364000,59.57,40.43,40,41,59,60
2009-W04,2009,4,2009-01-19,2009-01-25,2009-01-19,2009-01-24,6,6,0,4,2,0,4,2,0.6667,0.6667,1920,2800,880,0.4583,1920000,2800000,880000,387256,507500,120244,120244000,60,40,40,40,60,60
2009-W05,2009,5,2009-01-26,2009-02-01,2009-01-27,2009-02-01,6,6,0,3,3,0,3,3,0.5,0.5,1960,2100,140,0.0714,1960000,2100000,140000,389216,509600,120384,120384000,59.17,40.83,39,45,55,61
2009-W06,2009,6,2009-02-02,2009-02-08,2009-02-02,2009-02-08,7,7,0,6,1,0,6,1,0.8571,0.8571,2240,4200,1960,0.875,2240000,4200000,1960000,391456,513800,122344,122344000,60,40,40,40,60,60
2009-W07,2009,7,2009-02-09,2009-02-15,2009-02-09,2009-02-15,7,7,0,4,3,0,4,3,0.5714,0.5714,2240,2800,560,0.25,2240000,2800000,560000,393696,516600,122904,122904000,60,40,40,40,60,60
2009-W08,2009,8,2009-02-16,2009-02-22,2009-02-16,2009-02-22,7,7,0,4,3,0,4,3,0.5714,0.5714,2256,2800,544,0.2411,2256000,2800000,544000,395952,519400,123448,123448000,59.71,40.29,40,41,59,60
2009-W09,2009,9,2009-02-23,2009-03-01,2009-02-23,2009-03-01,7,7,0,5,2,0,5,2,0.7143,0.7143,2288,3500,1212,0.5297,2288000,3500000,1212000,398240,522900,124660,124660000,59.14,40.86,40,42,58,60
2009-W10,2009,10,2009-03-02,2009-03-08,2009-03-02,2009-03-08,7,7,0,3,4,0,3,4,0.4286,0.4286,2256,2100,-156,-0.0691,2256000,2100000,-156000,400496,525000,124504,124504000,59.71,40.29,40,41,59,60
2009-W11,2009,11,2009-03-09,2009-03-15,2009-03-09,2009-03-15,7,7,0,5,2,0,5,2,0.7143,0.7143,2256,3500,1244,0.5514,2256000,3500000,1244000,402752,528500,125748,125748000,59.71,40.29,40,41,59,60
2009-W12,2009,12,2009-03-16,2009-03-22,2009-03-16,2009-03-22,7,7,0,4,3,0,4,3,0.5714,0.5714,2240,2800,560,0.25,2240000,2800000,560000,404992,531300,126308,126308000,60,40,40,40,60,60
2009-W13,2009,13,2009-03-23,2009-03-29,2009-03-23,2009-03-29,7,7,0,4,3,0,4,3,0.5714,0.5714,2248,2800,552,0.2456,2248000,2800000,552000,407240,534100,126860,126860000,59.86,40.14,40,41,59,60
2009-W14,2009,14,2009-03-30,2009-04-05,2009-03-30,2009-04-05,7,7,0,4,3,0,4,3,0.5714,0.5714,2264,2800,536,0.2367,2264000,2800000,536000,409504,536900,127396,127396000,59.57,40.43,40,41,59,60
2009-W15,2009,15,2009-04-06,2009-04-12,2009-04-06,2009-04-12,7,7,0,4,3,0,4,3,0.5714,0.5714,2248,2800,552,0.2456,2248000,2800000,552000,411752,539700,127948,127948000,59.86,40.14,40,41,59,60
2009-W16,2009,16,2009-04-13,2009-04-19,2009-04-13,2009-04-19,7,7,0,4,3,0,4,3,0.5714,0.5714,2240,2800,560,0.25,2240000,2800000,560000,413992,542500,128508,128508000,60,40,40,40,60,60
2009-W17,2009,17,2009-04-20,2009-04-26,2009-04-20,2009-04-26,7,7,0,5,2,0,5,2,0.7143,0.7143,2248,3500,1252,0.5569,2248000,3500000,1252000,416240,546000,129760,129760000,59.86,40.14,40,41,59,60
2009-W18,2009,18,2009-04-27,2009-05-03,2009-04-27,2009-05-03,7,7,0,6,1,0,6,1,0.8571,0.8571,2264,4200,1936,0.8551,2264000,4200000,1936000,418504,550200,131696,131696000,59.57,40.43,40,42,58,60
2009-W19,2009,19,2009-05-04,2009-05-10,2009-05-04,2009-05-10,7,7,0,5,2,0,5,2,0.7143,0.7143,2264,3500,1236,0.5459,2264000,3500000,1236000,420768,553700,132932,132932000,59.57,40.43,40,41,59,60
2009-W20,2009,20,2009-05-11,2009-05-17,2009-05-11,2009-05-17,7,7,0,5,2,0,5,2,0.7143,0.7143,2256,3500,1244,0.5514,2256000,3500000,1244000,423024,557200,134176,134176000,59.71,40.29,40,41,59,60
2009-W21,2009,21,2009-05-18,2009-05-24,2009-05-18,2009-05-24,7,7,0,6,1,0,6,1,0.8571,0.8571,2256,4200,1944,0.8617,2256000,4200000,1944000,425280,561400,136120,136120000,59.71,40.29,40,41,59,60
2009-W22,2009,22,2009-05-25,2009-05-31,2009-05-25,2009-05-31,7,7,0,5,2,0,5,2,0.7143,0.7143,2264,3500,1236,0.5459,2264000,3500000,1236000,427544,564900,137356,137356000,59.57,40.43,40,41,59,60
2009-W23,2009,23,2009-06-01,2009-06-07,2009-06-01,2009-06-07,7,7,0,2,5,0,2,5,0.2857,0.2857,2272,1400,-872,-0.3838,2272000,1400000,-872000,429816,566300,136484,136484000,59.43,40.57,40,41,59,60
2009-W24,2009,24,2009-06-08,2009-06-14,2009-06-08,2009-06-14,6,6,0,5,1,0,5,1,0.8333,0.8333,1928,3500,1572,0.8154,1928000,3500000,1572000,431744,569800,138056,138056000,59.83,40.17,40,41,59,60
2009-W25,2009,25,2009-06-15,2009-06-21,2009-06-15,2009-06-21,7,7,0,5,2,0,5,2,0.7143,0.7143,2240,3500,1260,0.5625,2240000,3500000,1260000,433984,573300,139316,139316000,60,40,40,40,60,60
2009-W26,2009,26,2009-06-22,2009-06-28,2009-06-22,2009-06-28,7,7,0,5,2,0,5,2,0.7143,0.7143,2248,3500,1252,0.5569,2248000,3500000,1252000,436232,576800,140568,140568000,59.86,40.14,40,41,59,60
2009-W27,2009,27,2009-06-29,2009-07-05,2009-06-29,2009-07-05,7,7,0,6,1,0,6,1,0.8571,0.8571,2240,4200,1960,0.875,2240000,4200000,1960000,438472,581000,142528,142528000,60,40,40,40,60,60
2009-W28,2009,28,2009-07-06,2009-07-12,2009-07-06,2009-07-12,7,7,0,7,0,0,7,0,1,1,2272,4900,2628,1.1567,2272000,4900000,2628000,440744,585900,145156,145156000,59.43,40.57,40,41,59,60
2009-W29,2009,29,2009-07-13,2009-07-19,2009-07-13,2009-07-19,7,7,0,4,3,0,4,3,0.5714,0.5714,2248,2800,552,0.2456,2248000,2800000,552000,442992,588700,145708,145708000,59.86,40.14,40,41,59,60
2009-W30,2009,30,2009-07-20,2009-07-26,2009-07-20,2009-07-26,7,7,0,3,4,0,3,4,0.4286,0.4286,2256,2100,-156,-0.0691,2256000,2100000,-156000,445248,590800,145552,145552000,59.71,40.29,40,41,59,60
2009-W31,2009,31,2009-07-27,2009-08-02,2009-07-27,2009-08-02,7,7,0,5,2,0,5,2,0.7143,0.7143,2264,3500,1236,0.5459,2264000,3500000,1236000,447512,594300,146788,146788000,59.57,40.43,40,42,58,60
2009-W32,2009,32,2009-08-03,2009-08-09,2009-08-03,2009-08-09,7,7,0,5,2,0,5,2,0.7143,0.7143,2248,3500,1252,0.5569,2248000,3500000,1252000,449760,597800,148040,148040000,59.86,40.14,40,41,59,60
2009-W33,2009,33,2009-08-10,2009-08-16,2009-08-10,2009-08-16,7,7,0,4,3,0,4,3,0.5714,0.5714,2240,2800,560,0.25,2240000,2800000,560000,452000,600600,148600,148600000,60,40,40,40,60,60
2009-W34,2009,34,2009-08-17,2009-08-23,2009-08-17,2009-08-23,7,7,0,6,1,0,6,1,0.8571,0.8571,2256,4200,1944,0.8617,2256000,4200000,1944000,454256,604800,150544,150544000,59.71,40.29,40,41,59,60
2009-W35,2009,35,2009-08-24,2009-08-30,2009-08-24,2009-08-30,7,7,0,4,3,0,4,3,0.5714,0.5714,2256,2800,544,0.2411,2256000,2800000,544000,456512,607600,151088,151088000,59.71,40.29,40,41,59,60
2009-W36,2009,36,2009-08-31,2009-09-06,2009-08-31,2009-09-06,7,7,0,3,4,0,3,4,0.4286,0.4286,2248,2100,-148,-0.0658,2248000,2100000,-148000,458760,609700,150940,150940000,59.86,40.14,40,41,59,60
2009-W37,2009,37,2009-09-07,2009-09-13,2009-09-07,2009-09-13,7,7,0,3,4,0,3,4,0.4286,0.4286,2248,2100,-148,-0.0658,2248000,2100000,-148000,461008,611800,150792,150792000,59.86,40.14,40,41,59,60
2009-W38,2009,38,2009-09-14,2009-09-20,2009-09-14,2009-09-20,7,7,0,3,4,0,3,4,0.4286,0.4286,2240,2100,-140,-0.0625,2240000,2100000,-140000,463248,613900,150652,150652000,60,40,40,40,60,60
2009-W39,2009,39,2009-09-21,2009-09-27,2009-09-21,2009-09-27,7,7,0,3,4,0,3,4,0.4286,0.4286,2256,2100,-156,-0.0691,2256000,2100000,-156000,465504,616000,150496,150496000,59.71,40.29,40,41,59,60
2009-W40,2009,40,2009-09-28,2009-10-04,2009-09-28,2009-10-04,7,7,0,5,2,0,5,2,0.7143,0.7143,2248,3500,1252,0.5569,2248000,3500000,1252000,467752,619500,151748,151748000,59.86,40.14,40,41,59,60
2009-W41,2009,41,2009-10-05,2009-10-11,2009-10-05,2009-10-11,7,7,0,5,2,0,5,2,0.7143,0.7143,2248,3500,1252,0.5569,2248000,3500000,1252000,470000,623000,153000,153000000,59.86,40.14,40,41,59,60
2009-W42,2009,42,2009-10-12,2009-10-18,2009-10-12,2009-10-18,7,7,0,1,6,0,1,6,0.1429,0.1429,2256,700,-1556,-0.6897,2256000,700000,-1556000,472256,623700,151444,151444000,59.71,40.29,40,41,59,60
2009-W43,2009,43,2009-10-19,2009-10-25,2009-10-19,2009-10-25,7,7,0,4,3,0,4,3,0.5714,0.5714,2264,2800,536,0.2367,2264000,2800000,536000,474520,626500,151980,151980000,59.57,40.43,40,41,59,60
2009-W44,2009,44,2009-10-26,2009-11-01,2009-10-26,2009-11-01,7,7,0,2,5,0,2,5,0.2857,0.2857,2256,1400,-856,-0.3794,2256000,1400000,-856000,476776,627900,151124,151124000,59.71,40.29,40,41,59,60
2009-W45,2009,45,2009-11-02,2009-11-08,2009-11-02,2009-11-08,7,7,0,5,2,0,5,2,0.7143,0.7143,2256,3500,1244,0.5514,2256000,3500000,1244000,479032,631400,152368,152368000,59.71,40.29,40,41,59,60
2009-W46,2009,46,2009-11-09,2009-11-15,2009-11-09,2009-11-15,7,7,0,3,4,0,3,4,0.4286,0.4286,2248,2100,-148,-0.0658,2248000,2100000,-148000,481280,633500,152220,152220000,59.86,40.14,40,41,59,60
2009-W47,2009,47,2009-11-16,2009-11-22,2009-11-16,2009-11-22,7,7,0,4,3,0,4,3,0.5714,0.5714,2240,2800,560,0.25,2240000,2800000,560000,483520,636300,152780,152780000,60,40,40,40,60,60
2009-W48,2009,48,2009-11-23,2009-11-29,2009-11-23,2009-11-29,7,7,0,5,2,0,5,2,0.7143,0.7143,2272,3500,1228,0.5405,2272000,3500000,1228000,485792,639800,154008,154008000,59.43,40.57,40,41,59,60
2009-W49,2009,49,2009-11-30,2009-12-06,2009-11-30,2009-12-06,7,7,0,6,1,0,6,1,0.8571,0.8571,2248,4200,1952,0.8683,2248000,4200000,1952000,488040,644000,155960,155960000,59.86,40.14,40,41,59,60
2009-W50,2009,50,2009-12-07,2009-12-13,2009-12-07,2009-12-13,7,7,0,5,2,0,5,2,0.7143,0.7143,2240,3500,1260,0.5625,2240000,3500000,1260000,490280,647500,157220,157220000,60,40,40,40,60,60
2009-W51,2009,51,2009-12-14,2009-12-20,2009-12-14,2009-12-20,7,7,0,4,3,0,4,3,0.5714,0.5714,2256,2800,544,0.2411,2256000,2800000,544000,492536,650300,157764,157764000,59.71,40.29,40,41,59,60
2009-W52,2009,52,2009-12-21,2009-12-27,2009-12-21,2009-12-27,7,7,0,4,3,0,4,3,0.5714,0.5714,2248,2800,552,0.2456,2248000,2800000,552000,494784,653100,158316,158316000,59.86,40.14,40,41,59,60
2009-W53,2009,53,2009-12-28,2010-01-03,2009-12-28,2010-01-03,7,7,0,3,4,0,3,4,0.4286,0.4286,2248,2100,-148,-0.0658,2248000,2100000,-148000,497032,655200,158168,158168000,59.86,40.14,40,41,59,60
2010-W01,2010,1,2010-01-04,2010-01-10,2010-01-04,2010-01-10,7,7,0,4,3,0,4,3,0.5714,0.5714,2240,2800,560,0.25,2240000,2800000,560000,499272,658000,158728,158728000,60,40,40,40,60,60
2010-W02,2010,2,2010-01-11,2010-01-17,2010-01-11,2010-01-17,7,7,0,5,2,0,5,2,0.7143,0.7143,2256,3500,1244,0.5514,2256000,3500000,1244000,501528,661500,159972,159972000,59.71,40.29,40,41,59,60
2010-W03,2010,3,2010-01-18,2010-01-24,2010-01-18,2010-01-24,7,7,0,6,1,0,6,1,0.8571,0.8571,2256,4200,1944,0.8617,2256000,4200000,1944000,503784,665700,161916,161916000,59.71,40.29,40,41,59,60
2010-W04,2010,4,2010-01-25,2010-01-31,2010-01-25,2010-01-31,7,7,0,4,3,0,4,3,0.5714,0.5714,2256,2800,544,0.2411,2256000,2800000,544000,506040,668500,162460,162460000,59.71,40.29,40,41,59,60
2010-W05,2010,5,2010-02-01,2010-02-07,2010-02-01,2010-02-07,7,7,0,4,3,0,4,3,0.5714,0.5714,2256,2800,544,0.2411,2256000,2800000,544000,508296,671300,163004,163004000,59.71,40.29,40,41,59,60
2010-W06,2010,6,2010-02-08,2010-02-14,2010-02-08,2010-02-12,5,5,0,5,0,0,5,0,1,1,1616,3500,1884,1.1658,1616000,3500000,1884000,509912,674800,164888,164888000,59.6,40.4,40,42,58,60
2010-W07,2010,7,2010-02-15,2010-02-21,2010-02-17,2010-02-21,5,4,1,3,1,0,3,1,0.75,0.75,1296,2100,804,0.6204,1296000,2100000,804000,511208,676900,165692,165692000,59.5,40.5,40,41,59,60
2010-W08,2010,8,2010-02-22,2010-02-28,2010-02-22,2010-02-28,7,7,0,7,0,0,7,0,1,1,2240,4900,2660,1.1875,2240000,4900000,2660000,513448,681800,168352,168352000,60,40,40,40,60,60
2010-W09,2010,9,2010-03-01,2010-03-07,2010-03-01,2010-03-07,7,7,0,4,3,0,4,3,0.5714,0.5714,2248,2800,552,0.2456,2248000,2800000,552000,515696,684600,168904,168904000,59.86,40.14,40,41,59,60
2010-W10,2010,10,2010-03-08,2010-03-14,2010-03-08,2010-03-14,7,7,0,5,2,0,5,2,0.7143,0.7143,2248,3500,1252,0.5569,2248000,3500000,1252000,517944,688100,170156,170156000,59.86,40.14,40,41,59,60
2010-W11,2010,11,2010-03-15,2010-03-21,2010-03-15,2010-03-21,7,7,0,4,3,0,4,3,0.5714,0.5714,2256,2800,544,0.2411,2256000,2800000,544000,520200,690900,170700,170700000,59.71,40.29,40,41,59,60
2010-W12,2010,12,2010-03-22,2010-03-28,2010-03-22,2010-03-28,7,7,0,3,4,0,3,4,0.4286,0.4286,2256,2100,-156,-0.0691,2256000,2100000,-156000,522456,693000,170544,170544000,59.71,40.29,40,41,59,60
2010-W13,2010,13,2010-03-29,2010-04-04,2010-03-29,2010-04-04,7,7,0,5,2,0,5,2,0.7143,0.7143,2240,3500,1260,0.5625,2240000,3500000,1260000,524696,696500,171804,171804000,60,40,40,40,60,60
2010-W14,2010,14,2010-04-05,2010-04-11,2010-04-05,2010-04-11,7,7,0,3,4,0,3,4,0.4286,0.4286,2256,2100,-156,-0.0691,2256000,2100000,-156000,526952,698600,171648,171648000,59.71,40.29,40,41,59,60
2010-W15,2010,15,2010-04-12,2010-04-18,2010-04-12,2010-04-18,7,7,0,4,3,0,4,3,0.5714,0.5714,2248,2800,552,0.2456,2248000,2800000,552000,529200,701400,172200,172200000,59.86,40.14,40,41,59,60
2010-W16,2010,16,2010-04-19,2010-04-25,2010-04-19,2010-04-25,7,7,0,6,1,0,6,1,0.8571,0.8571,2248,4200,1952,0.8683,2248000,4200000,1952000,531448,705600,174152,174152000,59.86,40.14,40,41,59,60
2010-W17,2010,17,2010-04-26,2010-05-02,2010-04-26,2010-05-02,7,7,0,3,4,0,3,4,0.4286,0.4286,2264,2100,-164,-0.0724,2264000,2100000,-164000,533712,707700,173988,173988000,59.57,40.43,40,41,59,60
2010-W18,2010,18,2010-05-03,2010-05-09,2010-05-03,2010-05-09,7,7,0,2,5,0,2,5,0.2857,0.2857,2248,1400,-848,-0.3772,2248000,1400000,-848000,535960,709100,173140,173140000,59.86,40.14,40,41,59,60
2010-W19,2010,19,2010-05-10,2010-05-16,2010-05-10,2010-05-16,7,7,0,6,1,0,6,1,0.8571,0.8571,2248,4200,1952,0.8683,2248000,4200000,1952000,538208,713300,175092,175092000,59.86,40.14,40,41,59,60
2010-W20,2010,20,2010-05-17,2010-05-23,2010-05-17,2010-05-23,7,7,0,4,3,0,4,3,0.5714,0.5714,2240,2800,560,0.25,2240000,2800000,560000,540448,716100,175652,175652000,60,40,40,40,60,60
2010-W21,2010,21,2010-05-24,2010-05-30,2010-05-24,2010-05-30,7,7,0,4,3,0,4,3,0.5714,0.5714,2248,2800,552,0.2456,2248000,2800000,552000,542696,718900,176204,176204000,59.86,40.14,40,41,59,60
2010-W22,2010,22,2010-05-31,2010-06-06,2010-05-31,2010-06-06,7,7,0,3,4,0,3,4,0.4286,0.4286,2240,2100,-140,-0.0625,2240000,2100000,-140000,544936,721000,176064,176064000,60,40,40,40,60,60
2010-W23,2010,23,2010-06-07,2010-06-13,2010-06-07,2010-06-13,7,7,0,4,3,0,4,3,0.5714,0.5714,2240,2800,560,0.25,2240000,2800000,560000,547176,723800,176624,176624000,60,40,40,40,60,60
2010-W24,2010,24,2010-06-14,2010-06-20,2010-06-14,2010-06-20,7,7,0,5,2,0,5,2,0.7143,0.7143,2240,3500,1260,0.5625,2240000,3500000,1260000,549416,727300,177884,177884000,60,40,40,40,60,60
2010-W25,2010,25,2010-06-21,2010-06-27,2010-06-21,2010-06-27,7,7,0,5,2,0,5,2,0.7143,0.7143,2256,3500,1244,0.5514,2256000,3500000,1244000,551672,730800,179128,179128000,59.71,40.29,40,41,59,60
2010-W26,2010,26,2010-06-28,2010-07-04,2010-06-28,2010-07-04,7,7,0,3,4,0,3,4,0.4286,0.4286,2248,2100,-148,-0.0658,2248000,2100000,-148000,553920,732900,178980,178980000,59.86,40.14,40,41,59,60
2010-W27,2010,27,2010-07-05,2010-07-11,2010-07-05,2010-07-11,7,7,0,3,4,0,3,4,0.4286,0.4286,2248,2100,-148,-0.0658,2248000,2100000,-148000,556168,735000,178832,178832000,59.86,40.14,40,41,59,60
2010-W28,2010,28,2010-07-12,2010-07-18,2010-07-12,2010-07-18,7,7,0,4,3,0,4,3,0.5714,0.5714,2240,2800,560,0.25,2240000,2800000,560000,558408,737800,179392,179392000,60,40,40,40,60,60
2010-W29,2010,29,2010-07-19,2010-07-25,2010-07-19,2010-07-25,7,7,0,5,2,0,5,2,0.7143,0.7143,2240,3500,1260,0.5625,2240000,3500000,1260000,560648,741300,180652,180652000,60,40,40,40,60,60
2010-W30,2010,30,2010-07-26,2010-08-01,2010-07-26,2010-08-01,7,7,0,4,3,0,4,3,0.5714,0.5714,2256,2800,544,0.2411,2256000,2800000,544000,562904,744100,181196,181196000,59.71,40.29,40,41,59,60
2010-W31,2010,31,2010-08-02,2010-08-08,2010-08-02,2010-08-08,7,7,0,5,2,0,5,2,0.7143,0.7143,2264,3500,1236,0.5459,2264000,3500000,1236000,565168,747600,182432,182432000,59.57,40.43,40,41,59,60
2010-W32,2010,32,2010-08-09,2010-08-15,2010-08-09,2010-08-15,7,7,0,4,3,0,4,3,0.5714,0.5714,2248,2800,552,0.2456,2248000,2800000,552000,567416,750400,182984,182984000,59.86,40.14,40,41,59,60
2010-W33,2010,33,2010-08-16,2010-08-22,2010-08-16,2010-08-22,7,7,0,6,1,0,6,1,0.8571,0.8571,2248,4200,1952,0.8683,2248000,4200000,1952000,569664,754600,184936,184936000,59.86,40.14,40,41,59,60
2010-W34,2010,34,2010-08-23,2010-08-29,2010-08-23,2010-08-29,7,7,0,6,1,0,6,1,0.8571,0.8571,2264,4200,1936,0.8551,2264000,4200000,1936000,571928,758800,186872,186872000,59.57,40.43,40,42,58,60
2010-W35,2010,35,2010-08-30,2010-09-05,2010-08-30,2010-09-05,7,7,0,4,3,0,4,3,0.5714,0.5714,2256,2800,544,0.2411,2256000,2800000,544000,574184,761600,187416,187416000,59.71,40.29,40,41,59,60
2010-W36,2010,36,2010-09-06,2010-09-12,2010-09-06,2010-09-12,7,7,0,4,3,0,4,3,0.5714,0.5714,2256,2800,544,0.2411,2256000,2800000,544000,576440,764400,187960,187960000,59.71,40.29,40,41,59,60
2010-W37,2010,37,2010-09-13,2010-09-19,2010-09-13,2010-09-19,7,7,0,4,3,0,4,3,0.5714,0.5714,2240,2800,560,0.25,2240000,2800000,560000,578680,767200,188520,188520000,60,40,40,40,60,60
2010-W38,2010,38,2010-09-20,2010-09-26,2010-09-20,2010-09-26,7,7,0,3,4,0,3,4,0.4286,0.4286,2240,2100,-140,-0.0625,2240000,2100000,-140000,580920,769300,188380,188380000,60,40,40,40,60,60
2010-W39,2010,39,2010-09-27,2010-10-03,2010-09-27,2010-10-03,7,7,0,7,0,0,7,0,1,1,2256,4900,2644,1.172,2256000,4900000,2644000,583176,774200,191024,191024000,59.71,40.29,40,41,59,60
2010-W40,2010,40,2010-10-04,2010-10-10,2010-10-04,2010-10-10,7,7,0,4,3,0,4,3,0.5714,0.5714,2256,2800,544,0.2411,2256000,2800000,544000,585432,777000,191568,191568000,59.71,40.29,40,41,59,60
2010-W41,2010,41,2010-10-11,2010-10-17,2010-10-11,2010-10-17,7,7,0,4,3,0,4,3,0.5714,0.5714,2248,2800,552,0.2456,2248000,2800000,552000,587680,779800,192120,192120000,59.86,40.14,40,41,59,60
2010-W42,2010,42,2010-10-18,2010-10-24,2010-10-18,2010-10-24,7,7,0,4,3,0,4,3,0.5714,0.5714,2272,2800,528,0.2324,2272000,2800000,528000,589952,782600,192648,192648000,59.43,40.57,40,42,58,60
2010-W43,2010,43,2010-10-25,2010-10-31,2010-10-25,2010-10-31,7,7,0,4,3,0,4,3,0.5714,0.5714,2240,2800,560,0.25,2240000,2800000,560000,592192,785400,193208,193208000,60,40,40,40,60,60
2010-W44,2010,44,2010-11-01,2010-11-07,2010-11-01,2010-11-07,7,7,0,4,3,0,4,3,0.5714,0.5714,2256,2800,544,0.2411,2256000,2800000,544000,594448,788200,193752,193752000,59.71,40.29,40,41,59,60
2010-W45,2010,45,2010-11-08,2010-11-14,2010-11-08,2010-11-14,7,7,0,6,1,0,6,1,0.8571,0.8571,2240,4200,1960,0.875,2240000,4200000,1960000,596688,792400,195712,195712000,60,40,40,40,60,60
2010-W46,2010,46,2010-11-15,2010-11-21,2010-11-15,2010-11-21,7,7,0,6,1,0,6,1,0.8571,0.8571,2248,4200,1952,0.8683,2248000,4200000,1952000,598936,796600,197664,197664000,59.86,40.14,40,41,59,60
2010-W47,2010,47,2010-11-22,2010-11-28,2010-11-22,2010-11-28,7,7,0,5,2,0,5,2,0.7143,0.7143,2264,3500,1236,0.5459,2264000,3500000,1236000,601200,800100,198900,198900000,59.57,40.43,40,41,59,60
2010-W48,2010,48,2010-11-29,2010-12-05,2010-11-29,2010-12-05,7,7,0,4,3,0,4,3,0.5714,0.5714,2248,2800,552,0.2456,2248000,2800000,552000,603448,802900,199452,199452000,59.86,40.14,40,41,59,60
2010-W49,2010,49,2010-12-06,2010-12-12,2010-12-06,2010-12-12,7,7,0,6,1,0,6,1,0.8571,0.8571,2256,4200,1944,0.8617,2256000,4200000,1944000,605704,807100,201396,201396000,59.71,40.29,40,42,58,60
2010-W50,2010,50,2010-12-13,2010-12-19,2010-12-13,2010-12-19,7,7,0,6,1,0,6,1,0.8571,0.8571,2248,4200,1952,0.8683,2248000,4200000,1952000,607952,811300,203348,203348000,59.86,40.14,40,41,59,60
2010-W51,2010,51,2010-12-20,2010-12-26,2010-12-20,2010-12-26,7,7,0,4,3,0,4,3,0.5714,0.5714,2248,2800,552,0.2456,2248000,2800000,552000,610200,814100,203900,203900000,59.86,40.14,40,41,59,60
2010-W52,2010,52,2010-12-27,2011-01-02,2010-12-27,2011-01-02,7,7,0,4,3,0,4,3,0.5714,0.5714,2248,2800,552,0.2456,2248000,2800000,552000,612448,816900,204452,204452000,59.86,40.14,40,41,59,60
2011-W01,2011,1,2011-01-03,2011-01-09,2011-01-03,2011-01-09,7,7,0,5,2,0,5,2,0.7143,0.7143,2240,3500,1260,0.5625,2240000,3500000,1260000,614688,820400,205712,205712000,60,40,40,40,60,60
2011-W02,2011,2,2011-01-10,2011-01-16,2011-01-10,2011-01-16,7,7,0,4,3,0,4,3,0.5714,0.5714,2240,2800,560,0.25,2240000,2800000,560000,616928,823200,206272,206272000,60,40,40,40,60,60
2011-W03,2011,3,2011-01-17,2011-01-23,2011-01-17,2011-01-23,7,7,0,4,3,0,4,3,0.5714,0.5714,2264,2800,536,0.2367,2264000,2800000,536000,619192,826000,206808,206808000,59.57,40.43,40,41,59,60
2011-W04,2011,4,2011-01-24,2011-01-30,2011-01-24,2011-01-30,7,7,0,5,2,0,5,2,0.7143,0.7143,2248,3500,1252,0.5569,2248000,3500000,1252000,621440,829500,208060,208060000,59.86,40.14,40,41,59,60
2011-W05,2011,5,2011-01-31,2011-02-06,2011-01-31,2011-02-06,3,2,1,1,1,0,1,1,0.5,0.5,648,700,52,0.0802,648000,700000,52000,622088,830200,208112,208112000,59.5,40.5,40,41,59,60
2011-W06,2011,6,2011-02-07,2011-02-13,2011-02-07,2011-02-13,7,6,1,3,3,0,3,3,0.5,0.5,1928,2100,172,0.0892,1928000,2100000,172000,624016,832300,208284,208284000,59.83,40.17,40,41,59,60
2011-W07,2011,7,2011-02-14,2011-02-20,2011-02-14,2011-02-20,7,7,0,3,4,0,3,4,0.4286,0.4286,2248,2100,-148,-0.0658,2248000,2100000,-148000,626264,834400,208136,208136000,59.86,40.14,40,41,59,60
2011-W08,2011,8,2011-02-21,2011-02-27,2011-02-21,2011-02-27,7,7,0,4,3,0,4,3,0.5714,0.5714,2248,2800,552,0.2456,2248000,2800000,552000,628512,837200,208688,208688000,59.86,40.14,40,41,59,60
2011-W09,2011,9,2011-02-28,2011-03-06,2011-02-28,2011-03-06,7,7,0,4,3,0,4,3,0.5714,0.5714,2256,2800,544,0.2411,2256000,2800000,544000,630768,840000,209232,209232000,59.71,40.29,40,41,59,60
2011-W10,2011,10,2011-03-07,2011-03-13,2011-03-07,2011-03-13,7,7,0,2,5,0,2,5,0.2857,0.2857,2248,1400,-848,-0.3772,2248000,1400000,-848000,633016,841400,208384,208384000,59.86,40.14,40,41,59,60
2011-W11,2011,11,2011-03-14,2011-03-20,2011-03-14,2011-03-20,7,7,0,4,3,0,4,3,0.5714,0.5714,2256,2800,544,0.2411,2256000,2800000,544000,635272,844200,208928,208928000,59.71,40.29,40,41,59,60
2011-W12,2011,12,2011-03-21,2011-03-27,2011-03-21,2011-03-27,7,7,0,4,3,0,4,3,0.5714,0.5714,2248,2800,552,0.2456,2248000,2800000,552000,637520,847000,209480,209480000,59.86,40.14,40,41,59,60
2011-W13,2011,13,2011-03-28,2011-04-03,2011-03-28,2011-04-03,7,7,0,5,2,0,5,2,0.7143,0.7143,2248,3500,1252,0.5569,2248000,3500000,1252000,639768,850500,210732,210732000,59.86,40.14,40,41,59,60
2011-W14,2011,14,2011-04-04,2011-04-10,2011-04-04,2011-04-10,7,7,0,5,2,0,5,2,0.7143,0.7143,2248,3500,1252,0.5569,2248000,3500000,1252000,642016,854000,211984,211984000,59.86,40.14,40,41,59,60
2011-W15,2011,15,2011-04-11,2011-04-17,2011-04-11,2011-04-17,7,7,0,5,2,0,5,2,0.7143,0.7143,2248,3500,1252,0.5569,2248000,3500000,1252000,644264,857500,213236,213236000,59.86,40.14,40,41,59,60
2011-W16,2011,16,2011-04-18,2011-04-24,2011-04-18,2011-04-24,7,7,0,3,4,0,3,4,0.4286,0.4286,2272,2100,-172,-0.0757,2272000,2100000,-172000,646536,859600,213064,213064000,59.43,40.57,40,42,58,60
2011-W17,2011,17,2011-04-25,2011-05-01,2011-04-25,2011-05-01,5,4,1,2,2,0,2,2,0.5,0.5,1264,1400,136,0.1076,1264000,1400000,136000,647800,861000,213200,213200000,60.5,39.5,38,40,60,62
2011-W18,2011,18,2011-05-02,2011-05-08,2011-05-02,2011-05-08,7,7,0,4,3,0,4,3,0.5714,0.5714,2248,2800,552,0.2456,2248000,2800000,552000,650048,863800,213752,213752000,59.86,40.14,40,41,59,60
2011-W19,2011,19,2011-05-09,2011-05-15,2011-05-09,2011-05-15,7,7,0,4,3,0,4,3,0.5714,0.5714,2248,2800,552,0.2456,2248000,2800000,552000,652296,866600,214304,214304000,59.86,40.14,40,41,59,60
2011-W20,2011,20,2011-05-16,2011-05-22,2011-05-16,2011-05-22,7,7,0,2,5,0,2,5,0.2857,0.2857,2240,1400,-840,-0.375,2240000,1400000,-840000,654536,868000,213464,213464000,60,40,40,40,60,60
2011-W21,2011,21,2011-05-23,2011-05-29,2011-05-23,2011-05-29,7,7,0,5,2,0,5,2,0.7143,0.7143,2256,3500,1244,0.5514,2256000,3500000,1244000,656792,871500,214708,214708000,59.71,40.29,40,41,59,60
2011-W22,2011,22,2011-05-30,2011-06-05,2011-05-30,2011-06-05,7,7,0,4,3,0,4,3,0.5714,0.5714,2248,2800,552,0.2456,2248000,2800000,552000,659040,874300,215260,215260000,59.86,40.14,40,41,59,60
2011-W23,2011,23,2011-06-06,2011-06-12,2011-06-06,2011-06-12,7,7,0,5,2,0,5,2,0.7143,0.7143,2248,3500,1252,0.5569,2248000,3500000,1252000,661288,877800,216512,216512000,59.86,40.14,40,41,59,60
2011-W24,2011,24,2011-06-13,2011-06-19,2011-06-13,2011-06-19,7,7,0,6,1,0,6,1,0.8571,0.8571,2240,4200,1960,0.875,2240000,4200000,1960000,663528,882000,218472,218472000,60,40,40,40,60,60
2011-W25,2011,25,2011-06-20,2011-06-26,2011-06-20,2011-06-26,7,7,0,5,2,0,5,2,0.7143,0.7143,2256,3500,1244,0.5514,2256000,3500000,1244000,665784,885500,219716,219716000,59.71,40.29,40,42,58,60
2011-W26,2011,26,2011-06-27,2011-07-03,2011-06-27,2011-07-03,7,7,0,5,2,0,5,2,0.7143,0.7143,2256,3500,1244,0.5514,2256000,3500000,1244000,668040,889000,220960,220960000,59.71,40.29,40,41,59,60
2011-W27,2011,27,2011-07-04,2011-07-10,2011-07-04,2011-07-10,7,7,0,4,3,0,4,3,0.5714,0.5714,2256,2800,544,0.2411,2256000,2800000,544000,670296,891800,221504,221504000,59.71,40.29,40,41,59,60
2011-W28,2011,28,2011-07-11,2011-07-17,2011-07-11,2011-07-17,7,7,0,1,6,0,1,6,0.1429,0.1429,2256,700,-1556,-0.6897,2256000,700000,-1556000,672552,892500,219948,219948000,59.71,40.29,40,41,59,60
2011-W29,2011,29,2011-07-18,2011-07-24,2011-07-18,2011-07-24,7,7,0,5,2,0,5,2,0.7143,0.7143,2264,3500,1236,0.5459,2264000,3500000,1236000,674816,896000,221184,221184000,59.57,40.43,40,41,59,60
2011-W30,2011,30,2011-07-25,2011-07-31,2011-07-25,2011-07-31,7,7,0,5,2,0,5,2,0.7143,0.7143,2256,3500,1244,0.5514,2256000,3500000,1244000,677072,899500,222428,222428000,59.71,40.29,40,41,59,60
2011-W31,2011,31,2011-08-01,2011-08-07,2011-08-01,2011-08-07,7,7,0,3,4,0,3,4,0.4286,0.4286,2248,2100,-148,-0.0658,2248000,2100000,-148000,679320,901600,222280,222280000,59.86,40.14,40,41,59,60
2011-W32,2011,32,2011-08-08,2011-08-14,2011-08-08,2011-08-14,7,7,0,6,1,0,6,1,0.8571,0.8571,2280,4200,1920,0.8421,2280000,4200000,1920000,681600,905800,224200,224200000,59.29,40.71,40,42,58,60
2011-W33,2011,33,2011-08-15,2011-08-21,2011-08-15,2011-08-21,7,7,0,5,2,0,5,2,0.7143,0.7143,2248,3500,1252,0.5569,2248000,3500000,1252000,683848,909300,225452,225452000,59.86,40.14,40,41,59,60
2011-W34,2011,34,2011-08-22,2011-08-28,2011-08-22,2011-08-28,7,7,0,5,2,0,5,2,0.7143,0.7143,2240,3500,1260,0.5625,2240000,3500000,1260000,686088,912800,226712,226712000,60,40,40,40,60,60
2011-W35,2011,35,2011-08-29,2011-09-04,2011-08-29,2011-09-04,7,7,0,6,1,0,6,1,0.8571,0.8571,2248,4200,1952,0.8683,2248000,4200000,1952000,688336,917000,228664,228664000,59.86,40.14,40,41,59,60
2011-W36,2011,36,2011-09-05,2011-09-11,2011-09-05,2011-09-11,7,7,0,6,1,0,6,1,0.8571,0.8571,2248,4200,1952,0.8683,2248000,4200000,1952000,690584,921200,230616,230616000,59.86,40.14,40,41,59,60
2011-W37,2011,37,2011-09-12,2011-09-18,2011-09-12,2011-09-18,7,7,0,7,0,0,7,0,1,1,2248,4900,2652,1.1797,2248000,4900000,2652000,692832,926100,233268,233268000,59.86,40.14,40,41,59,60
2011-W38,2011,38,2011-09-19,2011-09-25,2011-09-19,2011-09-25,7,7,0,5,2,0,5,2,0.7143,0.7143,2240,3500,1260,0.5625,2240000,3500000,1260000,695072,929600,234528,234528000,60,40,40,40,60,60
2011-W39,2011,39,2011-09-26,2011-10-02,2011-09-26,2011-10-02,7,7,0,4,3,0,4,3,0.5714,0.5714,2240,2800,560,0.25,2240000,2800000,560000,697312,932400,235088,235088000,60,40,40,40,60,60
2011-W40,2011,40,2011-10-03,2011-10-09,2011-10-03,2011-10-09,7,7,0,6,1,0,6,1,0.8571,0.8571,2240,4200,1960,0.875,2240000,4200000,1960000,699552,936600,237048,237048000,60,40,40,40,60,60
2011-W41,2011,41,2011-10-10,2011-10-16,2011-10-10,2011-10-16,7,7,0,5,2,0,5,2,0.7143,0.7143,2256,3500,1244,0.5514,2256000,3500000,1244000,701808,940100,238292,238292000,59.71,40.29,40,41,59,60
2011-W42,2011,42,2011-10-17,2011-10-23,2011-10-17,2011-10-23,7,7,0,5,2,0,5,2,0.7143,0.7143,2248,3500,1252,0.5569,2248000,3500000,1252000,704056,943600,239544,239544000,59.86,40.14,40,41,59,60
2011-W43,2011,43,2011-10-24,2011-10-30,2011-10-24,2011-10-30,7,7,0,2,5,0,2,5,0.2857,0.2857,2248,1400,-848,-0.3772,2248000,1400000,-848000,706304,945000,238696,238696000,59.86,40.14,40,41,59,60
2011-W44,2011,44,2011-10-31,2011-11-06,2011-10-31,2011-11-06,7,7,0,4,3,0,4,3,0.5714,0.5714,2248,2800,552,0.2456,2248000,2800000,552000,708552,947800,239248,239248000,59.86,40.14,40,41,59,60
2011-W45,2011,45,2011-11-07,2011-11-13,2011-11-07,2011-11-13,7,7,0,7,0,0,7,0,1,1,2248,4900,2652,1.1797,2248000,4900000,2652000,710800,952700,241900,241900000,59.86,40.14,40,41,59,60
2011-W46,2011,46,2011-11-14,2011-11-20,2011-11-14,2011-11-20,7,7,0,4,3,0,4,3,0.5714,0.5714,2264,2800,536,0.2367,2264000,2800000,536000,713064,955500,242436,242436000,59.57,40.43,40,41,59,60
2011-W47,2011,47,2011-11-21,2011-11-27,2011-11-21,2011-11-27,7,7,0,4,3,0,4,3,0.5714,0.5714,2256,2800,544,0.2411,2256000,2800000,544000,715320,958300,242980,242980000,59.71,40.29,40,42,58,60
2011-W48,2011,48,2011-11-28,2011-12-04,2011-11-28,2011-12-04,7,7,0,6,1,0,6,1,0.8571,0.8571,2256,4200,1944,0.8617,2256000,4200000,1944000,717576,962500,244924,244924000,59.71,40.29,40,41,59,60
2011-W49,2011,49,2011-12-05,2011-12-11,2011-12-05,2011-12-11,7,7,0,3,4,0,3,4,0.4286,0.4286,2240,2100,-140,-0.0625,2240000,2100000,-140000,719816,964600,244784,244784000,60,40,40,40,60,60
2011-W50,2011,50,2011-12-12,2011-12-18,2011-12-12,2011-12-18,7,7,0,5,2,0,5,2,0.7143,0.7143,2248,3500,1252,0.5569,2248000,3500000,1252000,722064,968100,246036,246036000,59.86,40.14,40,41,59,60
2011-W51,2011,51,2011-12-19,2011-12-25,2011-12-19,2011-12-25,7,7,0,6,1,0,6,1,0.8571,0.8571,2240,4200,1960,0.875,2240000,4200000,1960000,724304,972300,247996,247996000,60,40,40,40,60,60
2011-W52,2011,52,2011-12-26,2012-01-01,2011-12-26,2012-01-01,7,7,0,3,4,0,3,4,0.4286,0.4286,2256,2100,-156,-0.0691,2256000,2100000,-156000,726560,974400,247840,247840000,59.71,40.29,40,42,58,60
2012-W01,2012,1,2012-01-02,2012-01-08,2012-01-02,2012-01-08,7,7,0,3,4,0,3,4,0.4286,0.4286,2256,2100,-156,-0.0691,2256000,2100000,-156000,728816,976500,247684,247684000,59.71,40.29,40,41,59,60
2012-W02,2012,2,2012-01-09,2012-01-15,2012-01-09,2012-01-15,7,7,0,4,3,0,4,3,0.5714,0.5714,2256,2800,544,0.2411,2256000,2800000,544000,731072,979300,248228,248228000,59.71,40.29,40,41,59,60
2012-W03,2012,3,2012-01-16,2012-01-22,2012-01-16,2012-01-21,6,6,0,4,2,0,4,2,0.6667,0.6667,1936,2800,864,0.4463,1936000,2800000,864000,733008,982100,249092,249092000,59.67,40.33,40,41,59,60
2012-W04,2012,4,2012-01-23,2012-01-29,2012-01-26,2012-01-29,4,4,0,1,3,0,1,3,0.25,0.25,1264,700,-564,-0.4462,1264000,700000,-564000,734272,982800,248528,248528000,60.5,39.5,24,53,47,76
2012-W05,2012,5,2012-01-30,2012-02-05,2012-01-30,2012-02-05,7,7,0,6,1,0,6,1,0.8571,0.8571,2240,4200,1960,0.875,2240000,4200000,1960000,736512,987000,250488,250488000,60,40,40,40,60,60
2012-W06,2012,6,2012-02-06,2012-02-12,2012-02-06,2012-02-12,7,7,0,3,4,0,3,4,0.4286,0.4286,2248,2100,-148,-0.0658,2248000,2100000,-148000,738760,989100,250340,250340000,59.86,40.14,40,41,59,60
2012-W07,2012,7,2012-02-13,2012-02-19,2012-02-13,2012-02-19,7,7,0,2,5,0,2,5,0.2857,0.2857,2248,1400,-848,-0.3772,2248000,1400000,-848000,741008,990500,249492,249492000,59.86,40.14,40,41,59,60
2012-W08,2012,8,2012-02-20,2012-02-26,2012-02-20,2012-02-26,7,7,0,7,0,0,7,0,1,1,2256,4900,2644,1.172,2256000,4900000,2644000,743264,995400,252136,252136000,59.71,40.29,40,41,59,60
2012-W09,2012,9,2012-02-27,2012-03-04,2012-02-27,2012-03-04,7,7,0,4,3,0,4,3,0.5714,0.5714,2248,2800,552,0.2456,2248000,2800000,552000,745512,998200,252688,252688000,59.86,40.14,40,41,59,60
2012-W10,2012,10,2012-03-05,2012-03-11,2012-03-05,2012-03-11,7,7,0,3,4,0,3,4,0.4286,0.4286,2248,2100,-148,-0.0658,2248000,2100000,-148000,747760,1000300,252540,252540000,59.86,40.14,40,41,59,60
2012-W11,2012,11,2012-03-12,2012-03-18,2012-03-12,2012-03-18,7,7,0,4,3,0,4,3,0.5714,0.5714,2256,2800,544,0.2411,2256000,2800000,544000,750016,1003100,253084,253084000,59.71,40.29,40,41,59,60
2012-W12,2012,12,2012-03-19,2012-03-25,2012-03-19,2012-03-25,7,7,0,5,2,0,5,2,0.7143,0.7143,2256,3500,1244,0.5514,2256000,3500000,1244000,752272,1006600,254328,254328000,59.71,40.29,40,41,59,60
2012-W13,2012,13,2012-03-26,2012-04-01,2012-03-26,2012-04-01,7,7,0,6,1,0,6,1,0.8571,0.8571,2280,4200,1920,0.8421,2280000,4200000,1920000,754552,1010800,256248,256248000,59.29,40.71,40,42,58,60
2012-W14,2012,14,2012-04-02,2012-04-08,2012-04-02,2012-04-08,7,7,0,4,3,0,4,3,0.5714,0.5714,2248,2800,552,0.2456,2248000,2800000,552000,756800,1013600,256800,256800000,59.86,40.14,40,41,59,60
2012-W15,2012,15,2012-04-09,2012-04-15,2012-04-09,2012-04-15,7,7,0,6,1,0,6,1,0.8571,0.8571,2248,4200,1952,0.8683,2248000,4200000,1952000,759048,1017800,258752,258752000,59.86,40.14,40,41,59,60
2012-W16,2012,16,2012-04-16,2012-04-22,2012-04-16,2012-04-22,7,7,0,3,4,0,3,4,0.4286,0.4286,2248,2100,-148,-0.0658,2248000,2100000,-148000,761296,1019900,258604,258604000,59.86,40.14,40,41,59,60
2012-W17,2012,17,2012-04-23,2012-04-29,2012-04-23,2012-04-29,7,7,0,6,1,0,6,1,0.8571,0.8571,2240,4200,1960,0.875,2240000,4200000,1960000,763536,1024100,260564,260564000,60,40,40,40,60,60
2012-W18,2012,18,2012-04-30,2012-05-06,2012-04-30,2012-05-06,7,7,0,3,4,0,3,4,0.4286,0.4286,2256,2100,-156,-0.0691,2256000,2100000,-156000,765792,1026200,260408,260408000,59.71,40.29,40,42,58,60
2012-W19,2012,19,2012-05-07,2012-05-13,2012-05-07,2012-05-13,7,7,0,2,5,0,2,5,0.2857,0.2857,2240,1400,-840,-0.375,2240000,1400000,-840000,768032,1027600,259568,259568000,60,40,40,40,60,60
2012-W20,2012,20,2012-05-14,2012-05-20,2012-05-14,2012-05-20,7,7,0,4,3,0,4,3,0.5714,0.5714,2248,2800,552,0.2456,2248000,2800000,552000,770280,1030400,260120,260120000,59.86,40.14,40,41,59,60
2012-W21,2012,21,2012-05-21,2012-05-27,2012-05-21,2012-05-27,7,7,0,3,4,0,3,4,0.4286,0.4286,2264,2100,-164,-0.0724,2264000,2100000,-164000,772544,1032500,259956,259956000,59.57,40.43,40,41,59,60
2012-W22,2012,22,2012-05-28,2012-06-03,2012-05-28,2012-06-03,7,7,0,4,3,0,4,3,0.5714,0.5714,2256,2800,544,0.2411,2256000,2800000,544000,774800,1035300,260500,260500000,59.71,40.29,40,41,59,60
2012-W23,2012,23,2012-06-04,2012-06-10,2012-06-04,2012-06-10,7,7,0,3,4,0,3,4,0.4286,0.4286,2256,2100,-156,-0.0691,2256000,2100000,-156000,777056,1037400,260344,260344000,59.71,40.29,40,41,59,60
2012-W24,2012,24,2012-06-11,2012-06-17,2012-06-11,2012-06-17,7,7,0,5,2,0,5,2,0.7143,0.7143,2248,3500,1252,0.5569,2248000,3500000,1252000,779304,1040900,261596,261596000,59.86,40.14,40,41,59,60
2012-W25,2012,25,2012-06-18,2012-06-24,2012-06-18,2012-06-24,7,7,0,4,3,0,4,3,0.5714,0.5714,2240,2800,560,0.25,2240000,2800000,560000,781544,1043700,262156,262156000,60,40,40,40,60,60
2012-W26,2012,26,2012-06-25,2012-07-01,2012-06-25,2012-07-01,7,7,0,4,3,0,4,3,0.5714,0.5714,2248,2800,552,0.2456,2248000,2800000,552000,783792,1046500,262708,262708000,59.86,40.14,40,41,59,60
2012-W27,2012,27,2012-07-02,2012-07-08,2012-07-02,2012-07-08,7,7,0,4,3,0,4,3,0.5714,0.5714,2264,2800,536,0.2367,2264000,2800000,536000,786056,1049300,263244,263244000,59.57,40.43,40,41,59,60
2012-W28,2012,28,2012-07-09,2012-07-15,2012-07-09,2012-07-15,7,7,0,6,1,0,6,1,0.8571,0.8571,2248,4200,1952,0.8683,2248000,4200000,1952000,788304,1053500,265196,265196000,59.86,40.14,40,41,59,60
2012-W29,2012,29,2012-07-16,2012-07-22,2012-07-16,2012-07-22,7,7,0,4,3,0,4,3,0.5714,0.5714,2264,2800,536,0.2367,2264000,2800000,536000,790568,1056300,265732,265732000,59.57,40.43,40,41,59,60
2012-W30,2012,30,2012-07-23,2012-07-29,2012-07-23,2012-07-29,7,7,0,4,3,0,4,3,0.5714,0.5714,2248,2800,552,0.2456,2248000,2800000,552000,792816,1059100,266284,266284000,59.86,40.14,40,41,59,60
2012-W31,2012,31,2012-07-30,2012-08-05,2012-07-30,2012-08-05,7,7,0,2,5,0,2,5,0.2857,0.2857,2256,1400,-856,-0.3794,2256000,1400000,-856000,795072,1060500,265428,265428000,59.71,40.29,40,41,59,60
2012-W32,2012,32,2012-08-06,2012-08-12,2012-08-06,2012-08-12,7,7,0,5,2,0,5,2,0.7143,0.7143,2240,3500,1260,0.5625,2240000,3500000,1260000,797312,1064000,266688,266688000,60,40,40,40,60,60
2012-W33,2012,33,2012-08-13,2012-08-19,2012-08-13,2012-08-19,7,7,0,4,3,0,4,3,0.5714,0.5714,2256,2800,544,0.2411,2256000,2800000,544000,799568,1066800,267232,267232000,59.71,40.29,40,41,59,60
2012-W34,2012,34,2012-08-20,2012-08-26,2012-08-20,2012-08-26,7,7,0,5,2,0,5,2,0.7143,0.7143,2248,3500,1252,0.5569,2248000,3500000,1252000,801816,1070300,268484,268484000,59.86,40.14,40,41,59,60
2012-W35,2012,35,2012-08-27,2012-09-02,2012-08-27,2012-09-02,7,7,0,4,3,0,4,3,0.5714,0.5714,2248,2800,552,0.2456,2248000,2800000,552000,804064,1073100,269036,269036000,59.86,40.14,40,41,59,60
2012-W36,2012,36,2012-09-03,2012-09-09,2012-09-03,2012-09-09,7,7,0,5,2,0,5,2,0.7143,0.7143,2240,3500,1260,0.5625,2240000,3500000,1260000,806304,1076600,270296,270296000,60,40,40,40,60,60
2012-W37,2012,37,2012-09-10,2012-09-16,2012-09-10,2012-09-16,7,7,0,5,2,0,5,2,0.7143,0.7143,2256,3500,1244,0.5514,2256000,3500000,1244000,808560,1080100,271540,271540000,59.71,40.29,40,42,58,60
2012-W38,2012,38,2012-09-17,2012-09-23,2012-09-17,2012-09-23,7,7,0,4,3,0,4,3,0.5714,0.5714,2248,2800,552,0.2456,2248000,2800000,552000,810808,1082900,272092,272092000,59.86,40.14,40,41,59,60
2012-W39,2012,39,2012-09-24,2012-09-30,2012-09-24,2012-09-30,7,7,0,5,2,0,5,2,0.7143,0.7143,2264,3500,1236,0.5459,2264000,3500000,1236000,813072,1086400,273328,273328000,59.57,40.43,40,41,59,60
2012-W40,2012,40,2012-10-01,2012-10-07,2012-10-01,2012-10-07,7,7,0,6,1,0,6,1,0.8571,0.8571,2272,4200,1928,0.8486,2272000,4200000,1928000,815344,1090600,275256,275256000,59.43,40.57,40,42,58,60
2012-W41,2012,41,2012-10-08,2012-10-14,2012-10-08,2012-10-14,7,7,0,3,4,0,3,4,0.4286,0.4286,2248,2100,-148,-0.0658,2248000,2100000,-148000,817592,1092700,275108,275108000,59.86,40.14,40,41,59,60
2012-W42,2012,42,2012-10-15,2012-10-21,2012-10-15,2012-10-21,7,7,0,5,2,0,5,2,0.7143,0.7143,2248,3500,1252,0.5569,2248000,3500000,1252000,819840,1096200,276360,276360000,59.86,40.14,40,41,59,60
2012-W43,2012,43,2012-10-22,2012-10-28,2012-10-22,2012-10-28,7,7,0,7,0,0,7,0,1,1,2256,4900,2644,1.172,2256000,4900000,2644000,822096,1101100,279004,279004000,59.71,40.29,40,41,59,60
2012-W44,2012,44,2012-10-29,2012-11-04,2012-10-29,2012-11-04,7,7,0,4,3,0,4,3,0.5714,0.5714,2256,2800,544,0.2411,2256000,2800000,544000,824352,1103900,279548,279548000,59.71,40.29,40,41,59,60
2012-W45,2012,45,2012-11-05,2012-11-11,2012-11-05,2012-11-11,7,7,0,4,3,0,4,3,0.5714,0.5714,2240,2800,560,0.25,2240000,2800000,560000,826592,1106700,280108,280108000,60,40,40,40,60,60
2012-W46,2012,46,2012-11-12,2012-11-18,2012-11-12,2012-11-18,7,7,0,3,4,0,3,4,0.4286,0.4286,2248,2100,-148,-0.0658,2248000,2100000,-148000,828840,1108800,279960,279960000,59.86,40.14,40,41,59,60
2012-W47,2012,47,2012-11-19,2012-11-25,2012-11-19,2012-11-25,7,7,0,2,5,0,2,5,0.2857,0.2857,2256,1400,-856,-0.3794,2256000,1400000,-856000,831096,1110200,279104,279104000,59.71,40.29,40,41,59,60
2012-W48,2012,48,2012-11-26,2012-12-02,2012-11-26,2012-12-02,7,7,0,5,2,0,5,2,0.7143,0.7143,2248,3500,1252,0.5569,2248000,3500000,1252000,833344,1113700,280356,280356000,59.86,40.14,40,41,59,60
2012-W49,2012,49,2012-12-03,2012-12-09,2012-12-03,2012-12-09,7,7,0,5,2,0,5,2,0.7143,0.7143,2240,3500,1260,0.5625,2240000,3500000,1260000,835584,1117200,281616,281616000,60,40,40,40,60,60
2012-W50,2012,50,2012-12-10,2012-12-16,2012-12-10,2012-12-16,7,7,0,5,2,0,5,2,0.7143,0.7143,2248,3500,1252,0.5569,2248000,3500000,1252000,837832,1120700,282868,282868000,59.86,40.14,40,41,59,60
2012-W51,2012,51,2012-12-17,2012-12-23,2012-12-17,2012-12-23,7,7,0,5,2,0,5,2,0.7143,0.7143,2248,3500,1252,0.5569,2248000,3500000,1252000,840080,1124200,284120,284120000,59.86,40.14,40,41,59,60
2012-W52,2012,52,2012-12-24,2012-12-30,2012-12-24,2012-12-30,7,7,0,3,4,0,3,4,0.4286,0.4286,2256,2100,-156,-0.0691,2256000,2100000,-156000,842336,1126300,283964,283964000,59.71,40.29,40,41,59,60
2013-W01,2013,1,2012-12-31,2013-01-06,2012-12-31,2013-01-06,7,7,0,5,2,0,5,2,0.7143,0.7143,2256,3500,1244,0.5514,2256000,3500000,1244000,844592,1129800,285208,285208000,59.71,40.29,40,42,58,60
2013-W02,2013,2,2013-01-07,2013-01-13,2013-01-07,2013-01-13,7,7,0,6,1,0,6,1,0.8571,0.8571,2272,4200,1928,0.8486,2272000,4200000,1928000,846864,1134000,287136,287136000,59.43,40.57,40,42,58,60
2013-W03,2013,3,2013-01-14,2013-01-20,2013-01-14,2013-01-20,7,7,0,5,2,0,5,2,0.7143,0.7143,2240,3500,1260,0.5625,2240000,3500000,1260000,849104,1137500,288396,288396000,60,40,40,40,60,60
2013-W04,2013,4,2013-01-21,2013-01-27,2013-01-21,2013-01-27,7,7,0,4,3,0,4,3,0.5714,0.5714,2240,2800,560,0.25,2240000,2800000,560000,851344,1140300,288956,288956000,60,40,40,40,60,60
2013-W05,2013,5,2013-01-28,2013-02-03,2013-01-28,2013-02-03,7,7,0,5,2,0,5,2,0.7143,0.7143,2240,3500,1260,0.5625,2240000,3500000,1260000,853584,1143800,290216,290216000,60,40,40,40,60,60
2013-W06,2013,6,2013-02-04,2013-02-10,2013-02-04,2013-02-08,5,5,0,4,1,0,4,1,0.8,0.8,1608,2800,1192,0.7413,1608000,2800000,1192000,855192,1146600,291408,291408000,59.8,40.2,40,41,59,60
2013-W07,2013,7,2013-02-11,2013-02-17,2013-02-13,2013-02-17,5,3,2,0,3,0,0,3,0,0,960,0,-960,-1,960000,0,-960000,856152,1146600,290448,290448000,60,40,40,40,60,60
2013-W08,2013,8,2013-02-18,2013-02-24,2013-02-18,2013-02-24,7,7,0,3,4,0,3,4,0.4286,0.4286,2240,2100,-140,-0.0625,2240000,2100000,-140000,858392,1148700,290308,290308000,60,40,40,40,60,60
2013-W09,2013,9,2013-02-25,2013-03-03,2013-02-25,2013-03-03,7,7,0,4,3,0,4,3,0.5714,0.5714,2280,2800,520,0.2281,2280000,2800000,520000,860672,1151500,290828,290828000,59.29,40.71,40,42,58,60
2013-W10,2013,10,2013-03-04,2013-03-10,2013-03-04,2013-03-10,7,7,0,5,2,0,5,2,0.7143,0.7143,2272,3500,1228,0.5405,2272000,3500000,1228000,862944,1155000,292056,292056000,59.43,40.57,40,42,58,60
2013-W11,2013,11,2013-03-11,2013-03-17,2013-03-11,2013-03-17,7,7,0,6,1,0,6,1,0.8571,0.8571,2240,4200,1960,0.875,2240000,4200000,1960000,865184,1159200,294016,294016000,60,40,40,40,60,60
2013-W12,2013,12,2013-03-18,2013-03-24,2013-03-18,2013-03-24,7,7,0,4,3,0,4,3,0.5714,0.5714,2272,2800,528,0.2324,2272000,2800000,528000,867456,1162000,294544,294544000,59.43,40.57,40,41,59,60
2013-W13,2013,13,2013-03-25,2013-03-31,2013-03-25,2013-03-31,7,7,0,5,2,0,5,2,0.7143,0.7143,2272,3500,1228,0.5405,2272000,3500000,1228000,869728,1165500,295772,295772000,59.43,40.57,40,42,58,60
2013-W14,2013,14,2013-04-01,2013-04-07,2013-04-01,2013-04-07,7,7,0,3,4,0,3,4,0.4286,0.4286,2248,2100,-148,-0.0658,2248000,2100000,-148000,871976,1167600,295624,295624000,59.86,40.14,40,41,59,60
2013-W15,2013,15,2013-04-08,2013-04-14,2013-04-08,2013-04-14,7,7,0,3,4,0,3,4,0.4286,0.4286,2248,2100,-148,-0.0658,2248000,2100000,-148000,874224,1169700,295476,295476000,59.86,40.14,40,41,59,60
2013-W16,2013,16,2013-04-15,2013-04-21,2013-04-15,2013-04-21,7,7,0,6,1,0,6,1,0.8571,0.8571,2248,4200,1952,0.8683,2248000,4200000,1952000,876472,1173900,297428,297428000,59.86,40.14,40,41,59,60
2013-W17,2013,17,2013-04-22,2013-04-28,2013-04-22,2013-04-28,7,7,0,4,3,0,4,3,0.5714,0.5714,2248,2800,552,0.2456,2248000,2800000,552000,878720,1176700,297980,297980000,59.86,40.14,40,41,59,60
2013-W18,2013,18,2013-04-29,2013-05-05,2013-04-29,2013-05-05,7,7,0,4,3,0,4,3,0.5714,0.5714,2248,2800,552,0.2456,2248000,2800000,552000,880968,1179500,298532,298532000,59.86,40.14,40,41,59,60
2013-W19,2013,19,2013-05-06,2013-05-12,2013-05-06,2013-05-12,7,7,0,3,4,0,3,4,0.4286,0.4286,2240,2100,-140,-0.0625,2240000,2100000,-140000,883208,1181600,298392,298392000,60,40,40,40,60,60
2013-W20,2013,20,2013-05-13,2013-05-19,2013-05-13,2013-05-19,7,7,0,5,2,0,5,2,0.7143,0.7143,2264,3500,1236,0.5459,2264000,3500000,1236000,885472,1185100,299628,299628000,59.57,40.43,40,41,59,60
2013-W21,2013,21,2013-05-20,2013-05-26,2013-05-20,2013-05-26,7,7,0,5,2,0,5,2,0.7143,0.7143,2240,3500,1260,0.5625,2240000,3500000,1260000,887712,1188600,300888,300888000,60,40,40,40,60,60
2013-W22,2013,22,2013-05-27,2013-06-02,2013-05-27,2013-06-02,7,7,0,5,2,0,5,2,0.7143,0.7143,2248,3500,1252,0.5569,2248000,3500000,1252000,889960,1192100,302140,302140000,59.86,40.14,40,41,59,60
2013-W23,2013,23,2013-06-03,2013-06-09,2013-06-03,2013-06-09,7,7,0,5,2,0,5,2,0.7143,0.7143,2264,3500,1236,0.5459,2264000,3500000,1236000,892224,1195600,303376,303376000,59.57,40.43,40,41,59,60
2013-W24,2013,24,2013-06-10,2013-06-16,2013-06-10,2013-06-16,7,7,0,5,2,0,5,2,0.7143,0.7143,2256,3500,1244,0.5514,2256000,3500000,1244000,894480,1199100,304620,304620000,59.71,40.29,40,42,58,60
2013-W25,2013,25,2013-06-17,2013-06-23,2013-06-17,2013-06-23,7,7,0,5,2,0,5,2,0.7143,0.7143,2256,3500,1244,0.5514,2256000,3500000,1244000,896736,1202600,305864,305864000,59.71,40.29,40,41,59,60
2013-W26,2013,26,2013-06-24,2013-06-30,2013-06-24,2013-06-30,7,7,0,4,3,0,4,3,0.5714,0.5714,2240,2800,560,0.25,2240000,2800000,560000,898976,1205400,306424,306424000,60,40,40,40,60,60
2013-W27,2013,27,2013-07-01,2013-07-07,2013-07-01,2013-07-07,7,7,0,3,4,0,3,4,0.4286,0.4286,2248,2100,-148,-0.0658,2248000,2100000,-148000,901224,1207500,306276,306276000,59.86,40.14,40,41,59,60
2013-W28,2013,28,2013-07-08,2013-07-14,2013-07-08,2013-07-14,7,7,0,5,2,0,5,2,0.7143,0.7143,2256,3500,1244,0.5514,2256000,3500000,1244000,903480,1211000,307520,307520000,59.71,40.29,40,41,59,60
2013-W29,2013,29,2013-07-15,2013-07-21,2013-07-15,2013-07-21,7,7,0,3,4,0,3,4,0.4286,0.4286,2248,2100,-148,-0.0658,2248000,2100000,-148000,905728,1213100,307372,307372000,59.86,40.14,40,41,59,60
2013-W30,2013,30,2013-07-22,2013-07-28,2013-07-22,2013-07-28,7,7,0,4,3,0,4,3,0.5714,0.5714,2272,2800,528,0.2324,2272000,2800000,528000,908000,1215900,307900,307900000,59.43,40.57,40,42,58,60
2013-W31,2013,31,2013-07-29,2013-08-04,2013-07-29,2013-08-04,7,7,0,2,5,0,2,5,0.2857,0.2857,2240,1400,-840,-0.375,2240000,1400000,-840000,910240,1217300,307060,307060000,60,40,40,40,60,60
2013-W32,2013,32,2013-08-05,2013-08-11,2013-08-05,2013-08-11,7,7,0,3,4,0,3,4,0.4286,0.4286,2240,2100,-140,-0.0625,2240000,2100000,-140000,912480,1219400,306920,306920000,60,40,40,40,60,60
2013-W33,2013,33,2013-08-12,2013-08-18,2013-08-12,2013-08-18,7,7,0,3,4,0,3,4,0.4286,0.4286,2240,2100,-140,-0.0625,2240000,2100000,-140000,914720,1221500,306780,306780000,60,40,40,40,60,60
2013-W34,2013,34,2013-08-19,2013-08-25,2013-08-19,2013-08-25,7,7,0,4,3,0,4,3,0.5714,0.5714,2264,2800,536,0.2367,2264000,2800000,536000,916984,1224300,307316,307316000,59.57,40.43,40,41,59,60
2013-W35,2013,35,2013-08-26,2013-09-01,2013-08-26,2013-09-01,7,7,0,6,1,0,6,1,0.8571,0.8571,2256,4200,1944,0.8617,2256000,4200000,1944000,919240,1228500,309260,309260000,59.71,40.29,40,41,59,60
2013-W36,2013,36,2013-09-02,2013-09-08,2013-09-02,2013-09-08,7,7,0,4,3,0,4,3,0.5714,0.5714,2248,2800,552,0.2456,2248000,2800000,552000,921488,1231300,309812,309812000,59.86,40.14,40,41,59,60
2013-W37,2013,37,2013-09-09,2013-09-15,2013-09-09,2013-09-15,7,7,0,6,1,0,6,1,0.8571,0.8571,2264,4200,1936,0.8551,2264000,4200000,1936000,923752,1235500,311748,311748000,59.57,40.43,40,41,59,60
2013-W38,2013,38,2013-09-16,2013-09-22,2013-09-16,2013-09-22,7,7,0,4,3,0,4,3,0.5714,0.5714,2248,2800,552,0.2456,2248000,2800000,552000,926000,1238300,312300,312300000,59.86,40.14,40,41,59,60
2013-W39,2013,39,2013-09-23,2013-09-29,2013-09-23,2013-09-29,7,7,0,6,1,0,6,1,0.8571,0.8571,2264,4200,1936,0.8551,2264000,4200000,1936000,928264,1242500,314236,314236000,59.57,40.43,40,42,58,60
2013-W40,2013,40,2013-09-30,2013-10-06,2013-09-30,2013-10-06,7,7,0,4,3,0,4,3,0.5714,0.5714,2256,2800,544,0.2411,2256000,2800000,544000,930520,1245300,314780,314780000,59.71,40.29,40,41,59,60
2013-W41,2013,41,2013-10-07,2013-10-13,2013-10-07,2013-10-13,7,7,0,5,2,0,5,2,0.7143,0.7143,2248,3500,1252,0.5569,2248000,3500000,1252000,932768,1248800,316032,316032000,59.86,40.14,40,41,59,60
2013-W42,2013,42,2013-10-14,2013-10-20,2013-10-14,2013-10-20,7,7,0,4,3,0,4,3,0.5714,0.5714,2240,2800,560,0.25,2240000,2800000,560000,935008,1251600,316592,316592000,60,40,40,40,60,60
2013-W43,2013,43,2013-10-21,2013-10-27,2013-10-21,2013-10-27,7,7,0,7,0,0,7,0,1,1,2264,4900,2636,1.1643,2264000,4900000,2636000,937272,1256500,319228,319228000,59.57,40.43,40,41,59,60
2013-W44,2013,44,2013-10-28,2013-11-03,2013-10-28,2013-11-03,7,7,0,4,3,0,4,3,0.5714,0.5714,2240,2800,560,0.25,2240000,2800000,560000,939512,1259300,319788,319788000,60,40,40,40,60,60
2013-W45,2013,45,2013-11-04,2013-11-10,2013-11-04,2013-11-10,7,7,0,5,2,0,5,2,0.7143,0.7143,2256,3500,1244,0.5514,2256000,3500000,1244000,941768,1262800,321032,321032000,59.71,40.29,40,41,59,60
2013-W46,2013,46,2013-11-11,2013-11-17,2013-11-11,2013-11-17,7,7,0,4,3,0,4,3,0.5714,0.5714,2240,2800,560,0.25,2240000,2800000,560000,944008,1265600,321592,321592000,60,40,40,40,60,60
2013-W47,2013,47,2013-11-18,2013-11-24,2013-11-18,2013-11-24,7,7,0,5,2,0,5,2,0.7143,0.7143,2248,3500,1252,0.5569,2248000,3500000,1252000,946256,1269100,322844,322844000,59.86,40.14,40,41,59,60
2013-W48,2013,48,2013-11-25,2013-12-01,2013-11-25,2013-12-01,7,7,0,5,2,0,5,2,0.7143,0.7143,2240,3500,1260,0.5625,2240000,3500000,1260000,948496,1272600,324104,324104000,60,40,40,40,60,60
2013-W49,2013,49,2013-12-02,2013-12-08,2013-12-02,2013-12-08,7,7,0,5,2,0,5,2,0.7143,0.7143,2240,3500,1260,0.5625,2240000,3500000,1260000,950736,1276100,325364,325364000,60,40,40,40,60,60
2013-W50,2013,50,2013-12-09,2013-12-15,2013-12-09,2013-12-15,7,7,0,7,0,0,7,0,1,1,2272,4900,2628,1.1567,2272000,4900000,2628000,953008,1281000,327992,327992000,59.43,40.57,40,42,58,60
2013-W51,2013,51,2013-12-16,2013-12-22,2013-12-16,2013-12-22,7,7,0,5,2,0,5,2,0.7143,0.7143,2272,3500,1228,0.5405,2272000,3500000,1228000,955280,1284500,329220,329220000,59.43,40.57,40,42,58,60
2013-W52,2013,52,2013-12-23,2013-12-29,2013-12-23,2013-12-29,7,7,0,6,1,0,6,1,0.8571,0.8571,2240,4200,1960,0.875,2240000,4200000,1960000,957520,1288700,331180,331180000,60,40,40,40,60,60
2014-W01,2014,1,2013-12-30,2014-01-05,2013-12-30,2014-01-05,7,7,0,6,1,0,6,1,0.8571,0.8571,2248,4200,1952,0.8683,2248000,4200000,1952000,959768,1292900,333132,333132000,59.86,40.14,40,41,59,60
2014-W02,2014,2,2014-01-06,2014-01-12,2014-01-06,2014-01-12,7,7,0,5,2,0,5,2,0.7143,0.7143,2256,3500,1244,0.5514,2256000,3500000,1244000,962024,1296400,334376,334376000,59.71,40.29,40,41,59,60
2014-W03,2014,3,2014-01-13,2014-01-19,2014-01-13,2014-01-19,7,7,0,5,2,0,5,2,0.7143,0.7143,2264,3500,1236,0.5459,2264000,3500000,1236000,964288,1299900,335612,335612000,59.57,40.43,40,41,59,60
2014-W04,2014,4,2014-01-20,2014-01-26,2014-01-20,2014-01-26,7,7,0,6,1,0,6,1,0.8571,0.8571,2248,4200,1952,0.8683,2248000,4200000,1952000,966536,1304100,337564,337564000,59.86,40.14,40,41,59,60
2014-W05,2014,5,2014-01-27,2014-02-02,2014-01-27,2014-01-29,3,3,0,2,1,0,2,1,0.6667,0.6667,968,1400,432,0.4463,968000,1400000,432000,967504,1305500,337996,337996000,59.67,40.33,40,41,59,60
2014-W06,2014,6,2014-02-03,2014-02-09,2014-02-03,2014-02-09,7,7,0,5,2,0,5,2,0.7143,0.7143,2216,3500,1284,0.5794,2216000,3500000,1284000,969720,1309000,339280,339280000,60.43,39.57,37,41,59,63
2014-W07,2014,7,2014-02-10,2014-02-16,2014-02-10,2014-02-16,7,7,0,3,4,0,3,4,0.4286,0.4286,2240,2100,-140,-0.0625,2240000,2100000,-140000,971960,1311100,339140,339140000,60,40,40,40,60,60
2014-W08,2014,8,2014-02-17,2014-02-23,2014-02-17,2014-02-23,7,7,0,3,4,0,3,4,0.4286,0.4286,2240,2100,-140,-0.0625,2240000,2100000,-140000,974200,1313200,339000,339000000,60,40,40,40,60,60
2014-W09,2014,9,2014-02-24,2014-03-02,2014-02-24,2014-03-02,7,7,0,4,3,0,4,3,0.5714,0.5714,2248,2800,552,0.2456,2248000,2800000,552000,976448,1316000,339552,339552000,59.86,40.14,40,41,59,60
2014-W10,2014,10,2014-03-03,2014-03-09,2014-03-03,2014-03-09,7,7,0,4,3,0,4,3,0.5714,0.5714,2272,2800,528,0.2324,2272000,2800000,528000,978720,1318800,340080,340080000,59.43,40.57,40,41,59,60
2014-W11,2014,11,2014-03-10,2014-03-16,2014-03-10,2014-03-16,7,7,0,4,3,0,4,3,0.5714,0.5714,2248,2800,552,0.2456,2248000,2800000,552000,980968,1321600,340632,340632000,59.86,40.14,40,41,59,60
2014-W12,2014,12,2014-03-17,2014-03-23,2014-03-17,2014-03-23,7,7,0,3,4,0,3,4,0.4286,0.4286,2248,2100,-148,-0.0658,2248000,2100000,-148000,983216,1323700,340484,340484000,59.86,40.14,40,41,59,60
2014-W13,2014,13,2014-03-24,2014-03-30,2014-03-24,2014-03-30,7,7,0,3,4,0,3,4,0.4286,0.4286,2256,2100,-156,-0.0691,2256000,2100000,-156000,985472,1325800,340328,340328000,59.71,40.29,40,41,59,60
2014-W14,2014,14,2014-03-31,2014-04-06,2014-03-31,2014-04-06,7,7,0,3,4,0,3,4,0.4286,0.4286,2256,2100,-156,-0.0691,2256000,2100000,-156000,987728,1327900,340172,340172000,59.71,40.29,40,41,59,60
2014-W15,2014,15,2014-04-07,2014-04-13,2014-04-07,2014-04-13,7,7,0,6,1,0,6,1,0.8571,0.8571,2240,4200,1960,0.875,2240000,4200000,1960000,989968,1332100,342132,342132000,60,40,40,40,60,60
2014-W16,2014,16,2014-04-14,2014-04-20,2014-04-14,2014-04-20,7,7,0,5,2,0,5,2,0.7143,0.7143,2256,3500,1244,0.5514,2256000,3500000,1244000,992224,1335600,343376,343376000,59.71,40.29,40,41,59,60
2014-W17,2014,17,2014-04-21,2014-04-27,2014-04-21,2014-04-27,7,7,0,6,1,0,6,1,0.8571,0.8571,2240,4200,1960,0.875,2240000,4200000,1960000,994464,1339800,345336,345336000,60,40,40,40,60,60
2014-W18,2014,18,2014-04-28,2014-05-04,2014-04-28,2014-05-04,7,7,0,2,5,0,2,5,0.2857,0.2857,2256,1400,-856,-0.3794,2256000,1400000,-856000,996720,1341200,344480,344480000,59.71,40.29,40,41,59,60
2014-W19,2014,19,2014-05-05,2014-05-11,2014-05-05,2014-05-11,7,7,0,4,3,0,4,3,0.5714,0.5714,2248,2800,552,0.2456,2248000,2800000,552000,998968,1344000,345032,345032000,59.86,40.14,40,41,59,60
2014-W20,2014,20,2014-05-12,2014-05-18,2014-05-12,2014-05-18,7,7,0,3,4,0,3,4,0.4286,0.4286,2248,2100,-148,-0.0658,2248000,2100000,-148000,1001216,1346100,344884,344884000,59.86,40.14,40,41,59,60
2014-W21,2014,21,2014-05-19,2014-05-25,2014-05-19,2014-05-25,7,7,0,4,3,0,4,3,0.5714,0.5714,2240,2800,560,0.25,2240000,2800000,560000,1003456,1348900,345444,345444000,60,40,40,40,60,60
2014-W22,2014,22,2014-05-26,2014-06-01,2014-05-26,2014-06-01,7,7,0,5,2,0,5,2,0.7143,0.7143,2240,3500,1260,0.5625,2240000,3500000,1260000,1005696,1352400,346704,346704000,60,40,40,40,60,60
2014-W23,2014,23,2014-06-02,2014-06-08,2014-06-02,2014-06-08,7,7,0,6,1,0,6,1,0.8571,0.8571,2248,4200,1952,0.8683,2248000,4200000,1952000,1007944,1356600,348656,348656000,59.86,40.14,40,41,59,60
2014-W24,2014,24,2014-06-09,2014-06-15,2014-06-09,2014-06-15,7,7,0,6,1,0,6,1,0.8571,0.8571,2264,4200,1936,0.8551,2264000,4200000,1936000,1010208,1360800,350592,350592000,59.57,40.43,40,42,58,60
2014-W25,2014,25,2014-06-16,2014-06-22,2014-06-16,2014-06-22,7,7,0,3,4,0,3,4,0.4286,0.4286,2248,2100,-148,-0.0658,2248000,2100000,-148000,1012456,1362900,350444,350444000,59.86,40.14,40,41,59,60
2014-W26,2014,26,2014-06-23,2014-06-29,2014-06-23,2014-06-29,7,7,0,6,1,0,6,1,0.8571,0.8571,2240,4200,1960,0.875,2240000,4200000,1960000,1014696,1367100,352404,352404000,60,40,40,40,60,60
2014-W27,2014,27,2014-06-30,2014-07-06,2014-06-30,2014-07-06,7,7,0,4,3,0,4,3,0.5714,0.5714,2256,2800,544,0.2411,2256000,2800000,544000,1016952,1369900,352948,352948000,59.71,40.29,40,41,59,60
2014-W28,2014,28,2014-07-07,2014-07-13,2014-07-07,2014-07-13,7,7,0,4,3,0,4,3,0.5714,0.5714,2256,2800,544,0.2411,2256000,2800000,544000,1019208,1372700,353492,353492000,59.71,40.29,40,42,58,60
2014-W29,2014,29,2014-07-14,2014-07-20,2014-07-14,2014-07-20,7,7,0,6,1,0,6,1,0.8571,0.8571,2248,4200,1952,0.8683,2248000,4200000,1952000,1021456,1376900,355444,355444000,59.86,40.14,40,41,59,60
2014-W30,2014,30,2014-07-21,2014-07-27,2014-07-21,2014-07-27,7,7,0,4,3,0,4,3,0.5714,0.5714,2256,2800,544,0.2411,2256000,2800000,544000,1023712,1379700,355988,355988000,59.71,40.29,40,41,59,60
2014-W31,2014,31,2014-07-28,2014-08-03,2014-07-28,2014-08-03,7,7,0,6,1,0,6,1,0.8571,0.8571,2248,4200,1952,0.8683,2248000,4200000,1952000,1025960,1383900,357940,357940000,59.86,40.14,40,41,59,60
2014-W32,2014,32,2014-08-04,2014-08-10,2014-08-04,2014-08-10,7,7,0,3,4,0,3,4,0.4286,0.4286,2248,2100,-148,-0.0658,2248000,2100000,-148000,1028208,1386000,357792,357792000,59.86,40.14,40,41,59,60
2014-W33,2014,33,2014-08-11,2014-08-17,2014-08-11,2014-08-17,7,7,0,2,5,0,2,5,0.2857,0.2857,2272,1400,-872,-0.3838,2272000,1400000,-872000,1030480,1387400,356920,356920000,59.43,40.57,40,42,58,60
2014-W34,2014,34,2014-08-18,2014-08-24,2014-08-18,2014-08-24,7,7,0,5,2,0,5,2,0.7143,0.7143,2240,3500,1260,0.5625,2240000,3500000,1260000,1032720,1390900,358180,358180000,60,40,40,40,60,60
2014-W35,2014,35,2014-08-25,2014-08-31,2014-08-25,2014-08-31,7,7,0,7,0,0,7,0,1,1,2240,4900,2660,1.1875,2240000,4900000,2660000,1034960,1395800,360840,360840000,60,40,40,40,60,60
2014-W36,2014,36,2014-09-01,2014-09-07,2014-09-01,2014-09-07,7,7,0,1,6,0,1,6,0.1429,0.1429,2248,700,-1548,-0.6886,2248000,700000,-1548000,1037208,1396500,359292,359292000,59.86,40.14,40,41,59,60
2014-W37,2014,37,2014-09-08,2014-09-14,2014-09-08,2014-09-14,7,7,0,4,3,0,4,3,0.5714,0.5714,2264,2800,536,0.2367,2264000,2800000,536000,1039472,1399300,359828,359828000,59.57,40.43,40,41,59,60
2014-W38,2014,38,2014-09-15,2014-09-21,2014-09-15,2014-09-21,7,7,0,3,4,0,3,4,0.4286,0.4286,2256,2100,-156,-0.0691,2256000,2100000,-156000,1041728,1401400,359672,359672000,59.71,40.29,40,41,59,60
2014-W39,2014,39,2014-09-22,2014-09-28,2014-09-22,2014-09-28,7,7,0,6,1,0,6,1,0.8571,0.8571,2256,4200,1944,0.8617,2256000,4200000,1944000,1043984,1405600,361616,361616000,59.71,40.29,40,41,59,60
2014-W40,2014,40,2014-09-29,2014-10-05,2014-09-29,2014-10-05,7,7,0,3,4,0,3,4,0.4286,0.4286,2264,2100,-164,-0.0724,2264000,2100000,-164000,1046248,1407700,361452,361452000,59.57,40.43,40,42,58,60
2014-W41,2014,41,2014-10-06,2014-10-12,2014-10-06,2014-10-12,7,7,0,4,3,0,4,3,0.5714,0.5714,2248,2800,552,0.2456,2248000,2800000,552000,1048496,1410500,362004,362004000,59.86,40.14,40,41,59,60
2014-W42,2014,42,2014-10-13,2014-10-19,2014-10-13,2014-10-19,7,7,0,6,1,0,6,1,0.8571,0.8571,2264,4200,1936,0.8551,2264000,4200000,1936000,1050760,1414700,363940,363940000,59.57,40.43,40,42,58,60
2014-W43,2014,43,2014-10-20,2014-10-26,2014-10-20,2014-10-26,7,7,0,5,2,0,5,2,0.7143,0.7143,2256,3500,1244,0.5514,2256000,3500000,1244000,1053016,1418200,365184,365184000,59.71,40.29,40,42,58,60
2014-W44,2014,44,2014-10-27,2014-11-02,2014-10-27,2014-11-02,7,7,0,4,3,0,4,3,0.5714,0.5714,2256,2800,544,0.2411,2256000,2800000,544000,1055272,1421000,365728,365728000,59.71,40.29,40,41,59,60
2014-W45,2014,45,2014-11-03,2014-11-09,2014-11-03,2014-11-09,7,7,0,3,4,0,3,4,0.4286,0.4286,2248,2100,-148,-0.0658,2248000,2100000,-148000,1057520,1423100,365580,365580000,59.86,40.14,40,41,59,60
2014-W46,2014,46,2014-11-10,2014-11-16,2014-11-10,2014-11-16,7,7,0,5,2,0,5,2,0.7143,0.7143,2240,3500,1260,0.5625,2240000,3500000,1260000,1059760,1426600,366840,366840000,60,40,40,40,60,60
2014-W47,2014,47,2014-11-17,2014-11-23,2014-11-17,2014-11-23,7,7,0,6,1,0,6,1,0.8571,0.8571,2240,4200,1960,0.875,2240000,4200000,1960000,1062000,1430800,368800,368800000,60,40,40,40,60,60
2014-W48,2014,48,2014-11-24,2014-11-30,2014-11-24,2014-11-30,7,7,0,3,4,0,3,4,0.4286,0.4286,2248,2100,-148,-0.0658,2248000,2100000,-148000,1064248,1432900,368652,368652000,59.86,40.14,40,41,59,60
2014-W49,2014,49,2014-12-01,2014-12-07,2014-12-01,2014-12-07,7,7,0,3,4,0,3,4,0.4286,0.4286,2248,2100,-148,-0.0658,2248000,2100000,-148000,1066496,1435000,368504,368504000,59.86,40.14,40,41,59,60
2014-W50,2014,50,2014-12-08,2014-12-14,2014-12-08,2014-12-14,7,7,0,6,1,0,6,1,0.8571,0.8571,2256,4200,1944,0.8617,2256000,4200000,1944000,1068752,1439200,370448,370448000,59.71,40.29,40,41,59,60
2014-W51,2014,51,2014-12-15,2014-12-21,2014-12-15,2014-12-21,7,7,0,4,3,0,4,3,0.5714,0.5714,2248,2800,552,0.2456,2248000,2800000,552000,1071000,1442000,371000,371000000,59.86,40.14,40,41,59,60
2014-W52,2014,52,2014-12-22,2014-12-28,2014-12-22,2014-12-28,7,7,0,5,2,0,5,2,0.7143,0.7143,2248,3500,1252,0.5569,2248000,3500000,1252000,1073248,1445500,372252,372252000,59.86,40.14,40,41,59,60
2015-W01,2015,1,2014-12-29,2015-01-04,2014-12-29,2015-01-04,7,7,0,3,4,0,3,4,0.4286,0.4286,2256,2100,-156,-0.0691,2256000,2100000,-156000,1075504,1447600,372096,372096000,59.71,40.29,40,41,59,60
2015-W02,2015,2,2015-01-05,2015-01-11,2015-01-05,2015-01-11,7,7,0,3,4,0,3,4,0.4286,0.4286,2256,2100,-156,-0.0691,2256000,2100000,-156000,1077760,1449700,371940,371940000,59.71,40.29,40,41,59,60
2015-W03,2015,3,2015-01-12,2015-01-18,2015-01-12,2015-01-18,7,7,0,4,3,0,4,3,0.5714,0.5714,2256,2800,544,0.2411,2256000,2800000,544000,1080016,1452500,372484,372484000,59.71,40.29,40,41,59,60
2015-W04,2015,4,2015-01-19,2015-01-25,2015-01-19,2015-01-25,7,7,0,1,6,0,1,6,0.1429,0.1429,2256,700,-1556,-0.6897,2256000,700000,-1556000,1082272,1453200,370928,370928000,59.71,40.29,40,41,59,60
2015-W05,2015,5,2015-01-26,2015-02-01,2015-01-26,2015-02-01,7,7,0,6,1,0,6,1,0.8571,0.8571,2240,4200,1960,0.875,2240000,4200000,1960000,1084512,1457400,372888,372888000,60,40,40,40,60,60
2015-W06,2015,6,2015-02-02,2015-02-08,2015-02-02,2015-02-08,7,7,0,2,5,0,2,5,0.2857,0.2857,2256,1400,-856,-0.3794,2256000,1400000,-856000,1086768,1458800,372032,372032000,59.71,40.29,40,41,59,60
2015-W07,2015,7,2015-02-09,2015-02-15,2015-02-09,2015-02-15,7,7,0,5,2,0,5,2,0.7143,0.7143,2240,3500,1260,0.5625,2240000,3500000,1260000,1089008,1462300,373292,373292000,60,40,40,40,60,60
2015-W08,2015,8,2015-02-16,2015-02-22,2015-02-16,2015-02-22,3,3,0,1,2,0,1,2,0.3333,0.3333,960,700,-260,-0.2708,960000,700000,-260000,1089968,1463000,373032,373032000,60,40,40,40,60,60
2015-W09,2015,9,2015-02-23,2015-03-01,2015-02-23,2015-03-01,7,7,0,4,3,0,4,3,0.5714,0.5714,2240,2800,560,0.25,2240000,2800000,560000,1092208,1465800,373592,373592000,60,40,40,40,60,60
2015-W10,2015,10,2015-03-02,2015-03-08,2015-03-02,2015-03-08,7,7,0,3,4,0,3,4,0.4286,0.4286,2248,2100,-148,-0.0658,2248000,2100000,-148000,1094456,1467900,373444,373444000,59.86,40.14,40,41,59,60
2015-W11,2015,11,2015-03-09,2015-03-15,2015-03-09,2015-03-15,7,7,0,4,3,0,4,3,0.5714,0.5714,2256,2800,544,0.2411,2256000,2800000,544000,1096712,1470700,373988,373988000,59.71,40.29,40,41,59,60
2015-W12,2015,12,2015-03-16,2015-03-22,2015-03-16,2015-03-22,7,7,0,6,1,0,6,1,0.8571,0.8571,2264,4200,1936,0.8551,2264000,4200000,1936000,1098976,1474900,375924,375924000,59.57,40.43,40,42,58,60
2015-W13,2015,13,2015-03-23,2015-03-29,2015-03-23,2015-03-29,7,7,0,4,3,0,4,3,0.5714,0.5714,2264,2800,536,0.2367,2264000,2800000,536000,1101240,1477700,376460,376460000,59.57,40.43,40,42,58,60
2015-W14,2015,14,2015-03-30,2015-04-05,2015-03-30,2015-04-05,7,7,0,4,3,0,4,3,0.5714,0.5714,2256,2800,544,0.2411,2256000,2800000,544000,1103496,1480500,377004,377004000,59.71,40.29,40,41,59,60
2015-W15,2015,15,2015-04-06,2015-04-12,2015-04-06,2015-04-12,7,7,0,5,2,0,5,2,0.7143,0.7143,2248,3500,1252,0.5569,2248000,3500000,1252000,1105744,1484000,378256,378256000,59.86,40.14,40,41,59,60
2015-W16,2015,16,2015-04-13,2015-04-19,2015-04-13,2015-04-19,7,7,0,6,1,0,6,1,0.8571,0.8571,2248,4200,1952,0.8683,2248000,4200000,1952000,1107992,1488200,380208,380208000,59.86,40.14,40,41,59,60
2015-W17,2015,17,2015-04-20,2015-04-26,2015-04-20,2015-04-26,7,7,0,4,3,0,4,3,0.5714,0.5714,2240,2800,560,0.25,2240000,2800000,560000,1110232,1491000,380768,380768000,60,40,40,40,60,60
2015-W18,2015,18,2015-04-27,2015-05-03,2015-04-27,2015-05-03,7,7,0,2,5,0,2,5,0.2857,0.2857,2256,1400,-856,-0.3794,2256000,1400000,-856000,1112488,1492400,379912,379912000,59.71,40.29,40,41,59,60
2015-W19,2015,19,2015-05-04,2015-05-10,2015-05-04,2015-05-10,7,7,0,5,2,0,5,2,0.7143,0.7143,2248,3500,1252,0.5569,2248000,3500000,1252000,1114736,1495900,381164,381164000,59.86,40.14,40,41,59,60
2015-W20,2015,20,2015-05-11,2015-05-17,2015-05-11,2015-05-17,7,7,0,2,5,0,2,5,0.2857,0.2857,2264,1400,-864,-0.3816,2264000,1400000,-864000,1117000,1497300,380300,380300000,59.57,40.43,40,41,59,60
2015-W21,2015,21,2015-05-18,2015-05-24,2015-05-18,2015-05-24,7,7,0,3,4,0,3,4,0.4286,0.4286,2248,2100,-148,-0.0658,2248000,2100000,-148000,1119248,1499400,380152,380152000,59.86,40.14,40,41,59,60
2015-W22,2015,22,2015-05-25,2015-05-31,2015-05-25,2015-05-31,7,7,0,3,4,0,3,4,0.4286,0.4286,2240,2100,-140,-0.0625,2240000,2100000,-140000,1121488,1501500,380012,380012000,60,40,40,40,60,60
2015-W23,2015,23,2015-06-01,2015-06-07,2015-06-01,2015-06-07,7,7,0,5,2,0,5,2,0.7143,0.7143,2256,3500,1244,0.5514,2256000,3500000,1244000,1123744,1505000,381256,381256000,59.71,40.29,40,41,59,60
2015-W24,2015,24,2015-06-08,2015-06-14,2015-06-08,2015-06-14,7,7,0,4,3,0,4,3,0.5714,0.5714,2240,2800,560,0.25,2240000,2800000,560000,1125984,1507800,381816,381816000,60,40,40,40,60,60
2015-W25,2015,25,2015-06-15,2015-06-21,2015-06-15,2015-06-21,7,7,0,3,4,0,3,4,0.4286,0.4286,2248,2100,-148,-0.0658,2248000,2100000,-148000,1128232,1509900,381668,381668000,59.86,40.14,40,41,59,60
2015-W26,2015,26,2015-06-22,2015-06-28,2015-06-22,2015-06-28,7,7,0,5,2,0,5,2,0.7143,0.7143,2256,3500,1244,0.5514,2256000,3500000,1244000,1130488,1513400,382912,382912000,59.71,40.29,40,41,59,60
2015-W27,2015,27,2015-06-29,2015-07-05,2015-06-29,2015-07-05,7,7,0,4,3,0,4,3,0.5714,0.5714,2248,2800,552,0.2456,2248000,2800000,552000,1132736,1516200,383464,383464000,59.86,40.14,40,41,59,60
2015-W28,2015,28,2015-07-06,2015-07-12,2015-07-06,2015-07-12,7,7,0,2,5,0,2,5,0.2857,0.2857,2240,1400,-840,-0.375,2240000,1400000,-840000,1134976,1517600,382624,382624000,60,40,40,40,60,60
2015-W29,2015,29,2015-07-13,2015-07-19,2015-07-13,2015-07-19,7,7,0,3,4,0,3,4,0.4286,0.4286,2248,2100,-148,-0.0658,2248000,2100000,-148000,1137224,1519700,382476,382476000,59.86,40.14,40,41,59,60
2015-W30,2015,30,2015-07-20,2015-07-26,2015-07-20,2015-07-26,7,7,0,2,5,0,2,5,0.2857,0.2857,2240,1400,-840,-0.375,2240000,1400000,-840000,1139464,1521100,381636,381636000,60,40,40,40,60,60
2015-W31,2015,31,2015-07-27,2015-08-02,2015-07-27,2015-08-02,7,7,0,4,3,0,4,3,0.5714,0.5714,2248,2800,552,0.2456,2248000,2800000,552000,1141712,1523900,382188,382188000,59.86,40.14,40,41,59,60
2015-W32,2015,32,2015-08-03,2015-08-09,2015-08-03,2015-08-09,7,7,0,6,1,0,6,1,0.8571,0.8571,2256,4200,1944,0.8617,2256000,4200000,1944000,1143968,1528100,384132,384132000,59.71,40.29,40,42,58,60
2015-W33,2015,33,2015-08-10,2015-08-16,2015-08-10,2015-08-16,7,7,0,3,4,0,3,4,0.4286,0.4286,2248,2100,-148,-0.0658,2248000,2100000,-148000,1146216,1530200,383984,383984000,59.86,40.14,40,41,59,60
2015-W34,2015,34,2015-08-17,2015-08-23,2015-08-17,2015-08-23,7,7,0,3,4,0,3,4,0.4286,0.4286,2240,2100,-140,-0.0625,2240000,2100000,-140000,1148456,1532300,383844,383844000,60,40,40,40,60,60
2015-W35,2015,35,2015-08-24,2015-08-30,2015-08-24,2015-08-30,7,7,0,4,3,0,4,3,0.5714,0.5714,2240,2800,560,0.25,2240000,2800000,560000,1150696,1535100,384404,384404000,60,40,40,40,60,60
2015-W36,2015,36,2015-08-31,2015-09-06,2015-08-31,2015-09-06,7,7,0,2,5,0,2,5,0.2857,0.2857,2248,1400,-848,-0.3772,2248000,1400000,-848000,1152944,1536500,383556,383556000,59.86,40.14,40,41,59,60
2015-W37,2015,37,2015-09-07,2015-09-13,2015-09-07,2015-09-13,7,7,0,2,5,0,2,5,0.2857,0.2857,2240,1400,-840,-0.375,2240000,1400000,-840000,1155184,1537900,382716,382716000,60,40,40,40,60,60
2015-W38,2015,38,2015-09-14,2015-09-20,2015-09-14,2015-09-20,7,7,0,5,2,0,5,2,0.7143,0.7143,2256,3500,1244,0.5514,2256000,3500000,1244000,1157440,1541400,383960,383960000,59.71,40.29,40,41,59,60
2015-W39,2015,39,2015-09-21,2015-09-27,2015-09-21,2015-09-27,7,7,0,4,3,0,4,3,0.5714,0.5714,2256,2800,544,0.2411,2256000,2800000,544000,1159696,1544200,384504,384504000,59.71,40.29,40,41,59,60
2015-W40,2015,40,2015-09-28,2015-10-04,2015-09-28,2015-10-04,7,7,0,3,4,0,3,4,0.4286,0.4286,2248,2100,-148,-0.0658,2248000,2100000,-148000,1161944,1546300,384356,384356000,59.86,40.14,40,41,59,60
2015-W41,2015,41,2015-10-05,2015-10-11,2015-10-05,2015-10-11,7,7,0,5,2,0,5,2,0.7143,0.7143,2248,3500,1252,0.5569,2248000,3500000,1252000,1164192,1549800,385608,385608000,59.86,40.14,40,41,59,60
2015-W42,2015,42,2015-10-12,2015-10-18,2015-10-12,2015-10-18,7,7,0,7,0,0,7,0,1,1,2240,4900,2660,1.1875,2240000,4900000,2660000,1166432,1554700,388268,388268000,60,40,40,40,60,60
2015-W43,2015,43,2015-10-19,2015-10-25,2015-10-19,2015-10-25,7,7,0,5,2,0,5,2,0.7143,0.7143,2240,3500,1260,0.5625,2240000,3500000,1260000,1168672,1558200,389528,389528000,60,40,40,40,60,60
2015-W44,2015,44,2015-10-26,2015-11-01,2015-10-26,2015-11-01,7,7,0,4,3,0,4,3,0.5714,0.5714,2248,2800,552,0.2456,2248000,2800000,552000,1170920,1561000,390080,390080000,59.86,40.14,40,41,59,60
2015-W45,2015,45,2015-11-02,2015-11-08,2015-11-02,2015-11-08,7,7,0,5,2,0,5,2,0.7143,0.7143,2248,3500,1252,0.5569,2248000,3500000,1252000,1173168,1564500,391332,391332000,59.86,40.14,40,41,59,60
2015-W46,2015,46,2015-11-09,2015-11-15,2015-11-09,2015-11-15,7,7,0,4,3,0,4,3,0.5714,0.5714,2272,2800,528,0.2324,2272000,2800000,528000,1175440,1567300,391860,391860000,59.43,40.57,40,41,59,60
2015-W47,2015,47,2015-11-16,2015-11-22,2015-11-16,2015-11-22,7,7,0,3,4,0,3,4,0.4286,0.4286,2240,2100,-140,-0.0625,2240000,2100000,-140000,1177680,1569400,391720,391720000,60,40,40,40,60,60
2015-W48,2015,48,2015-11-23,2015-11-29,2015-11-23,2015-11-29,7,7,0,4,3,0,4,3,0.5714,0.5714,2248,2800,552,0.2456,2248000,2800000,552000,1179928,1572200,392272,392272000,59.86,40.14,40,41,59,60
2015-W49,2015,49,2015-11-30,2015-12-06,2015-11-30,2015-12-06,7,7,0,6,1,0,6,1,0.8571,0.8571,2256,4200,1944,0.8617,2256000,4200000,1944000,1182184,1576400,394216,394216000,59.71,40.29,40,41,59,60
2015-W50,2015,50,2015-12-07,2015-12-13,2015-12-07,2015-12-13,7,7,0,4,3,0,4,3,0.5714,0.5714,2256,2800,544,0.2411,2256000,2800000,544000,1184440,1579200,394760,394760000,59.71,40.29,40,41,59,60
2015-W51,2015,51,2015-12-14,2015-12-20,2015-12-14,2015-12-20,7,7,0,5,2,0,5,2,0.7143,0.7143,2248,3500,1252,0.5569,2248000,3500000,1252000,1186688,1582700,396012,396012000,59.86,40.14,40,41,59,60
2015-W52,2015,52,2015-12-21,2015-12-27,2015-12-21,2015-12-27,7,7,0,6,1,0,6,1,0.8571,0.8571,2256,4200,1944,0.8617,2256000,4200000,1944000,1188944,1586900,397956,397956000,59.71,40.29,40,41,59,60
2015-W53,2015,53,2015-12-28,2016-01-03,2015-12-28,2016-01-03,7,7,0,3,4,0,3,4,0.4286,0.4286,2280,2100,-180,-0.0789,2280000,2100000,-180000,1191224,1589000,397776,397776000,59.29,40.71,40,42,58,60
2016-W01,2016,1,2016-01-04,2016-01-10,2016-01-04,2016-01-10,7,7,0,7,0,0,7,0,1,1,2248,4900,2652,1.1797,2248000,4900000,2652000,1193472,1593900,400428,400428000,59.86,40.14,40,41,59,60
2016-W02,2016,2,2016-01-11,2016-01-17,2016-01-11,2016-01-17,7,7,0,4,3,0,4,3,0.5714,0.5714,2240,2800,560,0.25,2240000,2800000,560000,1195712,1596700,400988,400988000,60,40,40,40,60,60
2016-W03,2016,3,2016-01-18,2016-01-24,2016-01-18,2016-01-24,7,7,0,5,2,0,5,2,0.7143,0.7143,2264,3500,1236,0.5459,2264000,3500000,1236000,1197976,1600200,402224,402224000,59.57,40.43,40,41,59,60
2016-W04,2016,4,2016-01-25,2016-01-31,2016-01-25,2016-01-31,7,7,0,3,4,0,3,4,0.4286,0.4286,2248,2100,-148,-0.0658,2248000,2100000,-148000,1200224,1602300,402076,402076000,59.86,40.14,40,41,59,60
2016-W05,2016,5,2016-02-01,2016-02-07,2016-02-01,2016-02-06,6,6,0,4,2,0,4,2,0.6667,0.6667,1920,2800,880,0.4583,1920000,2800000,880000,1202144,1605100,402956,402956000,60,40,40,40,60,60
2016-W06,2016,6,2016-02-08,2016-02-14,2016-02-11,2016-02-14,4,4,0,2,2,0,2,2,0.5,0.5,1264,1400,136,0.1076,1264000,1400000,136000,1203408,1606500,403092,403092000,60.5,39.5,38,40,60,62
2016-W07,2016,7,2016-02-15,2016-02-21,2016-02-15,2016-02-21,7,7,0,4,3,0,4,3,0.5714,0.5714,2248,2800,552,0.2456,2248000,2800000,552000,1205656,1609300,403644,403644000,59.86,40.14,40,41,59,60
2016-W08,2016,8,2016-02-22,2016-02-28,2016-02-22,2016-02-28,7,7,0,4,3,0,4,3,0.5714,0.5714,2256,2800,544,0.2411,2256000,2800000,544000,1207912,1612100,404188,404188000,59.71,40.29,40,42,58,60
2016-W09,2016,9,2016-02-29,2016-03-06,2016-02-29,2016-03-06,7,7,0,6,1,0,6,1,0.8571,0.8571,2248,4200,1952,0.8683,2248000,4200000,1952000,1210160,1616300,406140,406140000,59.86,40.14,40,41,59,60
2016-W10,2016,10,2016-03-07,2016-03-13,2016-03-07,2016-03-13,7,7,0,4,3,0,4,3,0.5714,0.5714,2280,2800,520,0.2281,2280000,2800000,520000,1212440,1619100,406660,406660000,59.29,40.71,40,42,58,60
2016-W11,2016,11,2016-03-14,2016-03-20,2016-03-14,2016-03-20,7,7,0,2,5,0,2,5,0.2857,0.2857,2256,1400,-856,-0.3794,2256000,1400000,-856000,1214696,1620500,405804,405804000,59.71,40.29,40,41,59,60
2016-W12,2016,12,2016-03-21,2016-03-27,2016-03-21,2016-03-27,7,7,0,4,3,0,4,3,0.5714,0.5714,2240,2800,560,0.25,2240000,2800000,560000,1216936,1623300,406364,406364000,60,40,40,40,60,60
2016-W13,2016,13,2016-03-28,2016-04-03,2016-03-28,2016-04-03,7,7,0,4,3,0,4,3,0.5714,0.5714,2240,2800,560,0.25,2240000,2800000,560000,1219176,1626100,406924,406924000,60,40,40,40,60,60
2016-W14,2016,14,2016-04-04,2016-04-10,2016-04-04,2016-04-10,7,7,0,4,3,0,4,3,0.5714,0.5714,2240,2800,560,0.25,2240000,2800000,560000,1221416,1628900,407484,407484000,60,40,40,40,60,60
2016-W15,2016,15,2016-04-11,2016-04-17,2016-04-11,2016-04-17,7,7,0,6,1,0,6,1,0.8571,0.8571,2248,4200,1952,0.8683,2248000,4200000,1952000,1223664,1633100,409436,409436000,59.86,40.14,40,41,59,60
2016-W16,2016,16,2016-04-18,2016-04-24,2016-04-18,2016-04-24,7,7,0,4,3,0,4,3,0.5714,0.5714,2256,2800,544,0.2411,2256000,2800000,544000,1225920,1635900,409980,409980000,59.71,40.29,40,42,58,60
2016-W17,2016,17,2016-04-25,2016-05-01,2016-04-25,2016-05-01,7,7,0,7,0,0,7,0,1,1,2248,4900,2652,1.1797,2248000,4900000,2652000,1228168,1640800,412632,412632000,59.86,40.14,40,41,59,60
2016-W18,2016,18,2016-05-02,2016-05-08,2016-05-02,2016-05-08,7,7,0,4,3,0,4,3,0.5714,0.5714,2240,2800,560,0.25,2240000,2800000,560000,1230408,1643600,413192,413192000,60,40,40,40,60,60
2016-W19,2016,19,2016-05-09,2016-05-15,2016-05-09,2016-05-15,7,7,0,6,1,0,6,1,0.8571,0.8571,2248,4200,1952,0.8683,2248000,4200000,1952000,1232656,1647800,415144,415144000,59.86,40.14,40,41,59,60
2016-W20,2016,20,2016-05-16,2016-05-22,2016-05-16,2016-05-22,7,7,0,5,2,0,5,2,0.7143,0.7143,2256,3500,1244,0.5514,2256000,3500000,1244000,1234912,1651300,416388,416388000,59.71,40.29,40,41,59,60
2016-W21,2016,21,2016-05-23,2016-05-29,2016-05-23,2016-05-29,7,7,0,6,1,0,6,1,0.8571,0.8571,2240,4200,1960,0.875,2240000,4200000,1960000,1237152,1655500,418348,418348000,60,40,40,40,60,60
2016-W22,2016,22,2016-05-30,2016-06-05,2016-05-30,2016-06-05,7,7,0,3,4,0,3,4,0.4286,0.4286,2248,2100,-148,-0.0658,2248000,2100000,-148000,1239400,1657600,418200,418200000,59.86,40.14,40,41,59,60
2016-W23,2016,23,2016-06-06,2016-06-12,2016-06-06,2016-06-12,7,7,0,6,1,0,6,1,0.8571,0.8571,2248,4200,1952,0.8683,2248000,4200000,1952000,1241648,1661800,420152,420152000,59.86,40.14,40,41,59,60
2016-W24,2016,24,2016-06-13,2016-06-19,2016-06-13,2016-06-19,7,7,0,4,3,0,4,3,0.5714,0.5714,2256,2800,544,0.2411,2256000,2800000,544000,1243904,1664600,420696,420696000,59.71,40.29,40,41,59,60
2016-W25,2016,25,2016-06-20,2016-06-26,2016-06-20,2016-06-26,7,7,0,4,3,0,4,3,0.5714,0.5714,2256,2800,544,0.2411,2256000,2800000,544000,1246160,1667400,421240,421240000,59.71,40.29,40,42,58,60
2016-W26,2016,26,2016-06-27,2016-07-03,2016-06-27,2016-07-03,7,7,0,2,5,0,2,5,0.2857,0.2857,2240,1400,-840,-0.375,2240000,1400000,-840000,1248400,1668800,420400,420400000,60,40,40,40,60,60
2016-W27,2016,27,2016-07-04,2016-07-10,2016-07-04,2016-07-10,7,7,0,5,2,0,5,2,0.7143,0.7143,2280,3500,1220,0.5351,2280000,3500000,1220000,1250680,1672300,421620,421620000,59.29,40.71,40,41,59,60
2016-W28,2016,28,2016-07-11,2016-07-17,2016-07-11,2016-07-17,7,7,0,2,5,0,2,5,0.2857,0.2857,2248,1400,-848,-0.3772,2248000,1400000,-848000,1252928,1673700,420772,420772000,59.86,40.14,40,41,59,60
2016-W29,2016,29,2016-07-18,2016-07-24,2016-07-18,2016-07-24,7,7,0,6,1,0,6,1,0.8571,0.8571,2248,4200,1952,0.8683,2248000,4200000,1952000,1255176,1677900,422724,422724000,59.86,40.14,40,41,59,60
2016-W30,2016,30,2016-07-25,2016-07-31,2016-07-25,2016-07-31,7,7,0,6,1,0,6,1,0.8571,0.8571,2240,4200,1960,0.875,2240000,4200000,1960000,1257416,1682100,424684,424684000,60,40,40,40,60,60
2016-W31,2016,31,2016-08-01,2016-08-07,2016-08-01,2016-08-07,7,7,0,2,5,0,2,5,0.2857,0.2857,2248,1400,-848,-0.3772,2248000,1400000,-848000,1259664,1683500,423836,423836000,59.86,40.14,40,41,59,60
2016-W32,2016,32,2016-08-08,2016-08-14,2016-08-08,2016-08-14,7,7,0,5,2,0,5,2,0.7143,0.7143,2256,3500,1244,0.5514,2256000,3500000,1244000,1261920,1687000,425080,425080000,59.71,40.29,40,41,59,60
2016-W33,2016,33,2016-08-15,2016-08-21,2016-08-15,2016-08-21,7,7,0,5,2,0,5,2,0.7143,0.7143,2248,3500,1252,0.5569,2248000,3500000,1252000,1264168,1690500,426332,426332000,59.86,40.14,40,41,59,60
2016-W34,2016,34,2016-08-22,2016-08-28,2016-08-22,2016-08-28,7,7,0,3,4,0,3,4,0.4286,0.4286,2248,2100,-148,-0.0658,2248000,2100000,-148000,1266416,1692600,426184,426184000,59.86,40.14,40,41,59,60
2016-W35,2016,35,2016-08-29,2016-09-04,2016-08-29,2016-09-04,7,7,0,4,3,0,4,3,0.5714,0.5714,2256,2800,544,0.2411,2256000,2800000,544000,1268672,1695400,426728,426728000,59.71,40.29,40,42,58,60
2016-W36,2016,36,2016-09-05,2016-09-11,2016-09-05,2016-09-11,7,7,0,3,4,0,3,4,0.4286,0.4286,2248,2100,-148,-0.0658,2248000,2100000,-148000,1270920,1697500,426580,426580000,59.86,40.14,40,41,59,60
2016-W37,2016,37,2016-09-12,2016-09-18,2016-09-12,2016-09-18,7,7,0,4,3,0,4,3,0.5714,0.5714,2248,2800,552,0.2456,2248000,2800000,552000,1273168,1700300,427132,427132000,59.86,40.14,40,41,59,60
2016-W38,2016,38,2016-09-19,2016-09-25,2016-09-19,2016-09-25,7,7,0,5,2,0,5,2,0.7143,0.7143,2256,3500,1244,0.5514,2256000,3500000,1244000,1275424,1703800,428376,428376000,59.71,40.29,40,41,59,60
2016-W39,2016,39,2016-09-26,2016-10-02,2016-09-26,2016-10-02,7,7,0,4,3,0,4,3,0.5714,0.5714,2256,2800,544,0.2411,2256000,2800000,544000,1277680,1706600,428920,428920000,59.71,40.29,40,41,59,60
2016-W40,2016,40,2016-10-03,2016-10-09,2016-10-03,2016-10-09,7,7,0,4,3,0,4,3,0.5714,0.5714,2248,2800,552,0.2456,2248000,2800000,552000,1279928,1709400,429472,429472000,59.86,40.14,40,41,59,60
2016-W41,2016,41,2016-10-10,2016-10-16,2016-10-10,2016-10-16,7,7,0,4,3,0,4,3,0.5714,0.5714,2248,2800,552,0.2456,2248000,2800000,552000,1282176,1712200,430024,430024000,59.86,40.14,40,41,59,60
2016-W42,2016,42,2016-10-17,2016-10-23,2016-10-17,2016-10-23,7,7,0,3,4,0,3,4,0.4286,0.4286,2256,2100,-156,-0.0691,2256000,2100000,-156000,1284432,1714300,429868,429868000,59.71,40.29,40,41,59,60
2016-W43,2016,43,2016-10-24,2016-10-30,2016-10-24,2016-10-30,7,7,0,7,0,0,7,0,1,1,2240,4900,2660,1.1875,2240000,4900000,2660000,1286672,1719200,432528,432528000,60,40,40,40,60,60
2016-W44,2016,44,2016-10-31,2016-11-06,2016-10-31,2016-11-06,7,7,0,5,2,0,5,2,0.7143,0.7143,2248,3500,1252,0.5569,2248000,3500000,1252000,1288920,1722700,433780,433780000,59.86,40.14,40,41,59,60
2016-W45,2016,45,2016-11-07,2016-11-13,2016-11-07,2016-11-13,7,7,0,5,2,0,5,2,0.7143,0.7143,2240,3500,1260,0.5625,2240000,3500000,1260000,1291160,1726200,435040,435040000,60,40,40,40,60,60
2016-W46,2016,46,2016-11-14,2016-11-20,2016-11-14,2016-11-20,7,7,0,3,4,0,3,4,0.4286,0.4286,2264,2100,-164,-0.0724,2264000,2100000,-164000,1293424,1728300,434876,434876000,59.57,40.43,40,41,59,60
2016-W47,2016,47,2016-11-21,2016-11-27,2016-11-21,2016-11-27,7,7,0,3,4,0,3,4,0.4286,0.4286,2248,2100,-148,-0.0658,2248000,2100000,-148000,1295672,1730400,434728,434728000,59.86,40.14,40,41,59,60
2016-W48,2016,48,2016-11-28,2016-12-04,2016-11-28,2016-12-04,7,7,0,4,3,0,4,3,0.5714,0.5714,2240,2800,560,0.25,2240000,2800000,560000,1297912,1733200,435288,435288000,60,40,40,40,60,60
2016-W49,2016,49,2016-12-05,2016-12-11,2016-12-05,2016-12-11,7,7,0,5,2,0,5,2,0.7143,0.7143,2240,3500,1260,0.5625,2240000,3500000,1260000,1300152,1736700,436548,436548000,60,40,40,40,60,60
2016-W50,2016,50,2016-12-12,2016-12-18,2016-12-12,2016-12-18,7,7,0,5,2,0,5,2,0.7143,0.7143,2272,3500,1228,0.5405,2272000,3500000,1228000,1302424,1740200,437776,437776000,59.43,40.57,40,42,58,60
2016-W51,2016,51,2016-12-19,2016-12-25,2016-12-19,2016-12-25,7,7,0,5,2,0,5,2,0.7143,0.7143,2240,3500,1260,0.5625,2240000,3500000,1260000,1304664,1743700,439036,439036000,60,40,40,40,60,60
2016-W52,2016,52,2016-12-26,2017-01-01,2016-12-26,2017-01-01,7,7,0,6,1,0,6,1,0.8571,0.8571,2240,4200,1960,0.875,2240000,4200000,1960000,1306904,1747900,440996,440996000,60,40,40,40,60,60
2017-W01,2017,1,2017-01-02,2017-01-08,2017-01-02,2017-01-08,7,7,0,4,3,0,4,3,0.5714,0.5714,2248,2800,552,0.2456,2248000,2800000,552000,1309152,1750700,441548,441548000,59.86,40.14,40,41,59,60
2017-W02,2017,2,2017-01-09,2017-01-15,2017-01-09,2017-01-15,7,7,0,5,2,0,5,2,0.7143,0.7143,2272,3500,1228,0.5405,2272000,3500000,1228000,1311424,1754200,442776,442776000,59.43,40.57,40,42,58,60
2017-W03,2017,3,2017-01-16,2017-01-22,2017-01-16,2017-01-22,7,7,0,2,5,0,2,5,0.2857,0.2857,2248,1400,-848,-0.3772,2248000,1400000,-848000,1313672,1755600,441928,441928000,59.86,40.14,40,41,59,60
2017-W04,2017,4,2017-01-23,2017-01-29,2017-01-23,2017-01-26,4,4,0,2,2,0,2,2,0.5,0.5,1280,1400,120,0.0938,1280000,1400000,120000,1314952,1757000,442048,442048000,60,40,40,40,60,60
2017-W05,2017,5,2017-01-30,2017-02-05,2017-01-31,2017-02-05,6,6,0,5,1,0,5,1,0.8333,0.8333,1888,3500,1612,0.8538,1888000,3500000,1612000,1316840,1760500,443660,443660000,60.67,39.33,36,42,58,64
2017-W06,2017,6,2017-02-06,2017-02-12,2017-02-06,2017-02-12,7,7,0,6,1,0,6,1,0.8571,0.8571,2272,4200,1928,0.8486,2272000,4200000,1928000,1319112,1764700,445588,445588000,59.43,40.57,40,42,58,60
2017-W07,2017,7,2017-02-13,2017-02-19,2017-02-13,2017-02-19,7,7,0,4,3,0,4,3,0.5714,0.5714,2264,2800,536,0.2367,2264000,2800000,536000,1321376,1767500,446124,446124000,59.57,40.43,40,41,59,60
2017-W08,2017,8,2017-02-20,2017-02-26,2017-02-20,2017-02-26,7,7,0,7,0,0,7,0,1,1,2248,4900,2652,1.1797,2248000,4900000,2652000,1323624,1772400,448776,448776000,59.86,40.14,40,41,59,60
2017-W09,2017,9,2017-02-27,2017-03-05,2017-02-27,2017-03-05,7,7,0,6,1,0,6,1,0.8571,0.8571,2264,4200,1936,0.8551,2264000,4200000,1936000,1325888,1776600,450712,450712000,59.57,40.43,40,42,58,60
2017-W10,2017,10,2017-03-06,2017-03-12,2017-03-06,2017-03-12,7,7,0,5,2,0,5,2,0.7143,0.7143,2256,3500,1244,0.5514,2256000,3500000,1244000,1328144,1780100,451956,451956000,59.71,40.29,40,41,59,60
2017-W11,2017,11,2017-03-13,2017-03-19,2017-03-13,2017-03-19,7,7,0,5,2,0,5,2,0.7143,0.7143,2248,3500,1252,0.5569,2248000,3500000,1252000,1330392,1783600,453208,453208000,59.86,40.14,40,41,59,60
2017-W12,2017,12,2017-03-20,2017-03-26,2017-03-20,2017-03-26,7,7,0,5,2,0,5,2,0.7143,0.7143,2248,3500,1252,0.5569,2248000,3500000,1252000,1332640,1787100,454460,454460000,59.86,40.14,40,41,59,60
2017-W13,2017,13,2017-03-27,2017-04-02,2017-03-27,2017-04-02,7,7,0,5,2,0,5,2,0.7143,0.7143,2264,3500,1236,0.5459,2264000,3500000,1236000,1334904,1790600,455696,455696000,59.57,40.43,40,42,58,60
2017-W14,2017,14,2017-04-03,2017-04-09,2017-04-03,2017-04-09,7,7,0,2,5,0,2,5,0.2857,0.2857,2256,1400,-856,-0.3794,2256000,1400000,-856000,1337160,1792000,454840,454840000,59.71,40.29,40,41,59,60
2017-W15,2017,15,2017-04-10,2017-04-16,2017-04-10,2017-04-16,7,7,0,4,3,0,4,3,0.5714,0.5714,2248,2800,552,0.2456,2248000,2800000,552000,1339408,1794800,455392,455392000,59.86,40.14,40,41,59,60
2017-W16,2017,16,2017-04-17,2017-04-23,2017-04-17,2017-04-23,7,7,0,2,5,0,2,5,0.2857,0.2857,2248,1400,-848,-0.3772,2248000,1400000,-848000,1341656,1796200,454544,454544000,59.86,40.14,40,41,59,60
2017-W17,2017,17,2017-04-24,2017-04-30,2017-04-24,2017-04-30,7,7,0,5,2,0,5,2,0.7143,0.7143,2248,3500,1252,0.5569,2248000,3500000,1252000,1343904,1799700,455796,455796000,59.86,40.14,40,41,59,60
2017-W18,2017,18,2017-05-01,2017-05-07,2017-05-01,2017-05-07,7,7,0,3,4,0,3,4,0.4286,0.4286,2240,2100,-140,-0.0625,2240000,2100000,-140000,1346144,1801800,455656,455656000,60,40,40,40,60,60
2017-W19,2017,19,2017-05-08,2017-05-14,2017-05-08,2017-05-14,7,7,0,2,5,0,2,5,0.2857,0.2857,2240,1400,-840,-0.375,2240000,1400000,-840000,1348384,1803200,454816,454816000,60,40,40,40,60,60
2017-W20,2017,20,2017-05-15,2017-05-21,2017-05-15,2017-05-21,7,7,0,3,4,0,3,4,0.4286,0.4286,2240,2100,-140,-0.0625,2240000,2100000,-140000,1350624,1805300,454676,454676000,60,40,40,40,60,60
2017-W21,2017,21,2017-05-22,2017-05-28,2017-05-22,2017-05-28,7,7,0,2,5,0,2,5,0.2857,0.2857,2240,1400,-840,-0.375,2240000,1400000,-840000,1352864,1806700,453836,453836000,60,40,40,40,60,60
2017-W22,2017,22,2017-05-29,2017-06-04,2017-05-29,2017-06-04,7,7,0,6,1,0,6,1,0.8571,0.8571,2264,4200,1936,0.8551,2264000,4200000,1936000,1355128,1810900,455772,455772000,59.57,40.43,40,41,59,60
2017-W23,2017,23,2017-06-05,2017-06-11,2017-06-05,2017-06-11,7,7,0,4,3,0,4,3,0.5714,0.5714,2248,2800,552,0.2456,2248000,2800000,552000,1357376,1813700,456324,456324000,59.86,40.14,40,41,59,60
2017-W24,2017,24,2017-06-12,2017-06-18,2017-06-12,2017-06-18,7,7,0,4,3,0,4,3,0.5714,0.5714,2256,2800,544,0.2411,2256000,2800000,544000,1359632,1816500,456868,456868000,59.71,40.29,40,41,59,60
2017-W25,2017,25,2017-06-19,2017-06-25,2017-06-19,2017-06-25,7,7,0,5,2,0,5,2,0.7143,0.7143,2256,3500,1244,0.5514,2256000,3500000,1244000,1361888,1820000,458112,458112000,59.71,40.29,40,41,59,60
2017-W26,2017,26,2017-06-26,2017-07-02,2017-06-26,2017-07-02,7,7,0,3,4,0,3,4,0.4286,0.4286,2272,2100,-172,-0.0757,2272000,2100000,-172000,1364160,1822100,457940,457940000,59.43,40.57,40,41,59,60
2017-W27,2017,27,2017-07-03,2017-07-09,2017-07-03,2017-07-09,7,7,0,6,1,0,6,1,0.8571,0.8571,2248,4200,1952,0.8683,2248000,4200000,1952000,1366408,1826300,459892,459892000,59.86,40.14,40,41,59,60
2017-W28,2017,28,2017-07-10,2017-07-16,2017-07-10,2017-07-16,7,7,0,4,3,0,4,3,0.5714,0.5714,2248,2800,552,0.2456,2248000,2800000,552000,1368656,1829100,460444,460444000,59.86,40.14,40,41,59,60
2017-W29,2017,29,2017-07-17,2017-07-23,2017-07-17,2017-07-23,7,7,0,5,2,0,5,2,0.7143,0.7143,2240,3500,1260,0.5625,2240000,3500000,1260000,1370896,1832600,461704,461704000,60,40,40,40,60,60
2017-W30,2017,30,2017-07-24,2017-07-30,2017-07-24,2017-07-30,7,7,0,3,4,0,3,4,0.4286,0.4286,2240,2100,-140,-0.0625,2240000,2100000,-140000,1373136,1834700,461564,461564000,60,40,40,40,60,60
2017-W31,2017,31,2017-07-31,2017-08-06,2017-07-31,2017-08-06,7,7,0,5,2,0,5,2,0.7143,0.7143,2248,3500,1252,0.5569,2248000,3500000,1252000,1375384,1838200,462816,462816000,59.86,40.14,40,41,59,60
2017-W32,2017,32,2017-08-07,2017-08-13,2017-08-07,2017-08-13,7,7,0,5,2,0,5,2,0.7143,0.7143,2248,3500,1252,0.5569,2248000,3500000,1252000,1377632,1841700,464068,464068000,59.86,40.14,40,41,59,60
2017-W33,2017,33,2017-08-14,2017-08-20,2017-08-14,2017-08-20,7,7,0,3,4,0,3,4,0.4286,0.4286,2256,2100,-156,-0.0691,2256000,2100000,-156000,1379888,1843800,463912,463912000,59.71,40.29,40,41,59,60
2017-W34,2017,34,2017-08-21,2017-08-27,2017-08-21,2017-08-27,7,7,0,6,1,0,6,1,0.8571,0.8571,2240,4200,1960,0.875,2240000,4200000,1960000,1382128,1848000,465872,465872000,60,40,40,40,60,60
2017-W35,2017,35,2017-08-28,2017-09-03,2017-08-28,2017-09-03,7,7,0,4,3,0,4,3,0.5714,0.5714,2240,2800,560,0.25,2240000,2800000,560000,1384368,1850800,466432,466432000,60,40,40,40,60,60
2017-W36,2017,36,2017-09-04,2017-09-10,2017-09-04,2017-09-10,7,7,0,5,2,0,5,2,0.7143,0.7143,2240,3500,1260,0.5625,2240000,3500000,1260000,1386608,1854300,467692,467692000,60,40,40,40,60,60
2017-W37,2017,37,2017-09-11,2017-09-17,2017-09-11,2017-09-17,7,7,0,3,4,0,3,4,0.4286,0.4286,2248,2100,-148,-0.0658,2248000,2100000,-148000,1388856,1856400,467544,467544000,59.86,40.14,40,41,59,60
2017-W38,2017,38,2017-09-18,2017-09-24,2017-09-18,2017-09-24,7,7,0,1,6,0,1,6,0.1429,0.1429,2264,700,-1564,-0.6908,2264000,700000,-1564000,1391120,1857100,465980,465980000,59.57,40.43,40,42,58,60
2017-W39,2017,39,2017-09-25,2017-10-01,2017-09-25,2017-10-01,7,7,0,5,2,0,5,2,0.7143,0.7143,2248,3500,1252,0.5569,2248000,3500000,1252000,1393368,1860600,467232,467232000,59.86,40.14,40,41,59,60
2017-W40,2017,40,2017-10-02,2017-10-08,2017-10-02,2017-10-08,7,7,0,4,3,0,4,3,0.5714,0.5714,2248,2800,552,0.2456,2248000,2800000,552000,1395616,1863400,467784,467784000,59.86,40.14,40,41,59,60
2017-W41,2017,41,2017-10-09,2017-10-15,2017-10-09,2017-10-15,7,7,0,6,1,0,6,1,0.8571,0.8571,2256,4200,1944,0.8617,2256000,4200000,1944000,1397872,1867600,469728,469728000,59.71,40.29,40,41,59,60
2017-W42,2017,42,2017-10-16,2017-10-22,2017-10-16,2017-10-22,7,7,0,2,5,0,2,5,0.2857,0.2857,2240,1400,-840,-0.375,2240000,1400000,-840000,1400112,1869000,468888,468888000,60,40,40,40,60,60
2017-W43,2017,43,2017-10-23,2017-10-29,2017-10-23,2017-10-29,7,7,0,5,2,0,5,2,0.7143,0.7143,2240,3500,1260,0.5625,2240000,3500000,1260000,1402352,1872500,470148,470148000,60,40,40,40,60,60
2017-W44,2017,44,2017-10-30,2017-11-05,2017-10-30,2017-11-05,7,7,0,6,1,0,6,1,0.8571,0.8571,2240,4200,1960,0.875,2240000,4200000,1960000,1404592,1876700,472108,472108000,60,40,40,40,60,60
2017-W45,2017,45,2017-11-06,2017-11-12,2017-11-06,2017-11-12,7,7,0,4,3,0,4,3,0.5714,0.5714,2248,2800,552,0.2456,2248000,2800000,552000,1406840,1879500,472660,472660000,59.86,40.14,40,41,59,60
2017-W46,2017,46,2017-11-13,2017-11-19,2017-11-13,2017-11-19,7,7,0,3,4,0,3,4,0.4286,0.4286,2256,2100,-156,-0.0691,2256000,2100000,-156000,1409096,1881600,472504,472504000,59.71,40.29,40,41,59,60
2017-W47,2017,47,2017-11-20,2017-11-26,2017-11-20,2017-11-26,7,7,0,4,3,0,4,3,0.5714,0.5714,2248,2800,552,0.2456,2248000,2800000,552000,1411344,1884400,473056,473056000,59.86,40.14,40,41,59,60
2017-W48,2017,48,2017-11-27,2017-12-03,2017-11-27,2017-12-03,7,7,0,5,2,0,5,2,0.7143,0.7143,2248,3500,1252,0.5569,2248000,3500000,1252000,1413592,1887900,474308,474308000,59.86,40.14,40,41,59,60
2017-W49,2017,49,2017-12-04,2017-12-10,2017-12-04,2017-12-10,7,7,0,5,2,0,5,2,0.7143,0.7143,2248,3500,1252,0.5569,2248000,3500000,1252000,1415840,1891400,475560,475560000,59.86,40.14,40,41,59,60
2017-W50,2017,50,2017-12-11,2017-12-17,2017-12-11,2017-12-17,7,7,0,5,2,0,5,2,0.7143,0.7143,2248,3500,1252,0.5569,2248000,3500000,1252000,1418088,1894900,476812,476812000,59.86,40.14,40,41,59,60
2017-W51,2017,51,2017-12-18,2017-12-24,2017-12-18,2017-12-24,7,7,0,6,1,0,6,1,0.8571,0.8571,2264,4200,1936,0.8551,2264000,4200000,1936000,1420352,1899100,478748,478748000,59.57,40.43,40,41,59,60
2017-W52,2017,52,2017-12-25,2017-12-31,2017-12-25,2017-12-31,7,7,0,4,3,0,4,3,0.5714,0.5714,2248,2800,552,0.2456,2248000,2800000,552000,1422600,1901900,479300,479300000,59.86,40.14,40,41,59,60
2018-W01,2018,1,2018-01-01,2018-01-07,2018-01-01,2018-01-07,7,7,0,5,2,0,5,2,0.7143,0.7143,2248,3500,1252,0.5569,2248000,3500000,1252000,1424848,1905400,480552,480552000,59.86,40.14,40,41,59,60
2018-W02,2018,2,2018-01-08,2018-01-14,2018-01-08,2018-01-14,7,7,0,5,2,0,5,2,0.7143,0.7143,2248,3500,1252,0.5569,2248000,3500000,1252000,1427096,1908900,481804,481804000,59.86,40.14,40,41,59,60
2018-W03,2018,3,2018-01-15,2018-01-21,2018-01-15,2018-01-21,7,7,0,3,4,0,3,4,0.4286,0.4286,2272,2100,-172,-0.0757,2272000,2100000,-172000,1429368,1911000,481632,481632000,59.43,40.57,40,42,58,60
2018-W04,2018,4,2018-01-22,2018-01-28,2018-01-22,2018-01-28,7,7,0,4,3,0,4,3,0.5714,0.5714,2248,2800,552,0.2456,2248000,2800000,552000,1431616,1913800,482184,482184000,59.86,40.14,40,41,59,60
2018-W05,2018,5,2018-01-29,2018-02-04,2018-01-29,2018-02-04,7,7,0,5,2,0,5,2,0.7143,0.7143,2240,3500,1260,0.5625,2240000,3500000,1260000,1433856,1917300,483444,483444000,60,40,40,40,60,60
2018-W06,2018,6,2018-02-05,2018-02-11,2018-02-05,2018-02-11,7,7,0,4,3,0,4,3,0.5714,0.5714,2240,2800,560,0.25,2240000,2800000,560000,1436096,1920100,484004,484004000,60,40,40,40,60,60
2018-W07,2018,7,2018-02-12,2018-02-18,2018-02-12,2018-02-14,3,3,0,0,3,0,0,3,0,0,960,0,-960,-1,960000,0,-960000,1437056,1920100,483044,483044000,60,40,40,40,60,60
2018-W08,2018,8,2018-02-19,2018-02-25,2018-02-19,2018-02-25,7,7,0,5,2,0,5,2,0.7143,0.7143,2232,3500,1268,0.5681,2232000,3500000,1268000,1439288,1923600,484312,484312000,60.14,39.86,35,42,58,65
2018-W09,2018,9,2018-02-26,2018-03-04,2018-02-26,2018-03-04,7,7,0,4,3,0,4,3,0.5714,0.5714,2272,2800,528,0.2324,2272000,2800000,528000,1441560,1926400,484840,484840000,59.43,40.57,40,42,58,60
2018-W10,2018,10,2018-03-05,2018-03-11,2018-03-05,2018-03-11,7,7,0,6,1,0,6,1,0.8571,0.8571,2248,4200,1952,0.8683,2248000,4200000,1952000,1443808,1930600,486792,486792000,59.86,40.14,40,41,59,60
2018-W11,2018,11,2018-03-12,2018-03-18,2018-03-12,2018-03-18,7,7,0,3,4,0,3,4,0.4286,0.4286,2240,2100,-140,-0.0625,2240000,2100000,-140000,1446048,1932700,486652,486652000,60,40,40,40,60,60
2018-W12,2018,12,2018-03-19,2018-03-25,2018-03-19,2018-03-25,7,7,0,5,2,0,5,2,0.7143,0.7143,2240,3500,1260,0.5625,2240000,3500000,1260000,1448288,1936200,487912,487912000,60,40,40,40,60,60
2018-W13,2018,13,2018-03-26,2018-04-01,2018-03-26,2018-04-01,7,7,0,4,3,0,4,3,0.5714,0.5714,2264,2800,536,0.2367,2264000,2800000,536000,1450552,1939000,488448,488448000,59.57,40.43,40,41,59,60
2018-W14,2018,14,2018-04-02,2018-04-08,2018-04-02,2018-04-08,7,7,0,4,3,0,4,3,0.5714,0.5714,2256,2800,544,0.2411,2256000,2800000,544000,1452808,1941800,488992,488992000,59.71,40.29,40,41,59,60
2018-W15,2018,15,2018-04-09,2018-04-15,2018-04-09,2018-04-15,7,7,0,6,1,0,6,1,0.8571,0.8571,2288,4200,1912,0.8357,2288000,4200000,1912000,1455096,1946000,490904,490904000,59.14,40.86,40,42,58,60
2018-W16,2018,16,2018-04-16,2018-04-22,2018-04-16,2018-04-22,7,7,0,5,2,0,5,2,0.7143,0.7143,2248,3500,1252,0.5569,2248000,3500000,1252000,1457344,1949500,492156,492156000,59.86,40.14,40,41,59,60
2018-W17,2018,17,2018-04-23,2018-04-29,2018-04-23,2018-04-29,7,7,0,3,4,0,3,4,0.4286,0.4286,2248,2100,-148,-0.0658,2248000,2100000,-148000,1459592,1951600,492008,492008000,59.86,40.14,40,41,59,60
2018-W18,2018,18,2018-04-30,2018-05-06,2018-04-30,2018-05-06,7,7,0,3,4,0,3,4,0.4286,0.4286,2240,2100,-140,-0.0625,2240000,2100000,-140000,1461832,1953700,491868,491868000,60,40,40,40,60,60
2018-W19,2018,19,2018-05-07,2018-05-13,2018-05-07,2018-05-13,7,7,0,6,1,0,6,1,0.8571,0.8571,2240,4200,1960,0.875,2240000,4200000,1960000,1464072,1957900,493828,493828000,60,40,40,40,60,60
2018-W20,2018,20,2018-05-14,2018-05-20,2018-05-14,2018-05-20,7,7,0,6,1,0,6,1,0.8571,0.8571,2248,4200,1952,0.8683,2248000,4200000,1952000,1466320,1962100,495780,495780000,59.86,40.14,40,41,59,60
2018-W21,2018,21,2018-05-21,2018-05-27,2018-05-21,2018-05-27,7,7,0,3,4,0,3,4,0.4286,0.4286,2256,2100,-156,-0.0691,2256000,2100000,-156000,1468576,1964200,495624,495624000,59.71,40.29,40,41,59,60
2018-W22,2018,22,2018-05-28,2018-06-03,2018-05-28,2018-06-03,7,7,0,2,5,0,2,5,0.2857,0.2857,2240,1400,-840,-0.375,2240000,1400000,-840000,1470816,1965600,494784,494784000,60,40,40,40,60,60
2018-W23,2018,23,2018-06-04,2018-06-10,2018-06-04,2018-06-10,7,7,0,3,4,0,3,4,0.4286,0.4286,2240,2100,-140,-0.0625,2240000,2100000,-140000,1473056,1967700,494644,494644000,60,40,40,40,60,60
2018-W24,2018,24,2018-06-11,2018-06-17,2018-06-11,2018-06-17,7,7,0,5,2,0,5,2,0.7143,0.7143,2256,3500,1244,0.5514,2256000,3500000,1244000,1475312,1971200,495888,495888000,59.71,40.29,40,42,58,60
2018-W25,2018,25,2018-06-18,2018-06-24,2018-06-18,2018-06-24,7,7,0,5,2,0,5,2,0.7143,0.7143,2248,3500,1252,0.5569,2248000,3500000,1252000,1477560,1974700,497140,497140000,59.86,40.14,40,41,59,60
2018-W26,2018,26,2018-06-25,2018-07-01,2018-06-25,2018-07-01,7,7,0,4,3,0,4,3,0.5714,0.5714,2248,2800,552,0.2456,2248000,2800000,552000,1479808,1977500,497692,497692000,59.86,40.14,40,41,59,60
2018-W27,2018,27,2018-07-02,2018-07-08,2018-07-02,2018-07-08,7,7,0,6,1,0,6,1,0.8571,0.8571,2248,4200,1952,0.8683,2248000,4200000,1952000,1482056,1981700,499644,499644000,59.86,40.14,40,41,59,60
2018-W28,2018,28,2018-07-09,2018-07-15,2018-07-09,2018-07-15,7,7,0,6,1,0,6,1,0.8571,0.8571,2256,4200,1944,0.8617,2256000,4200000,1944000,1484312,1985900,501588,501588000,59.71,40.29,40,41,59,60
2018-W29,2018,29,2018-07-16,2018-07-22,2018-07-16,2018-07-22,7,7,0,6,1,0,6,1,0.8571,0.8571,2240,4200,1960,0.875,2240000,4200000,1960000,1486552,1990100,503548,503548000,60,40,40,40,60,60
2018-W30,2018,30,2018-07-23,2018-07-29,2018-07-23,2018-07-29,7,7,0,5,2,0,5,2,0.7143,0.7143,2240,3500,1260,0.5625,2240000,3500000,1260000,1488792,1993600,504808,504808000,60,40,40,40,60,60
2018-W31,2018,31,2018-07-30,2018-08-05,2018-07-30,2018-08-05,7,7,0,3,4,0,3,4,0.4286,0.4286,2240,2100,-140,-0.0625,2240000,2100000,-140000,1491032,1995700,504668,504668000,60,40,40,40,60,60
2018-W32,2018,32,2018-08-06,2018-08-12,2018-08-06,2018-08-12,7,7,0,6,1,0,6,1,0.8571,0.8571,2272,4200,1928,0.8486,2272000,4200000,1928000,1493304,1999900,506596,506596000,59.43,40.57,40,42,58,60
2018-W33,2018,33,2018-08-13,2018-08-19,2018-08-13,2018-08-19,7,7,0,4,3,0,4,3,0.5714,0.5714,2272,2800,528,0.2324,2272000,2800000,528000,1495576,2002700,507124,507124000,59.43,40.57,40,42,58,60
2018-W34,2018,34,2018-08-20,2018-08-26,2018-08-20,2018-08-26,7,7,0,3,4,0,3,4,0.4286,0.4286,2240,2100,-140,-0.0625,2240000,2100000,-140000,1497816,2004800,506984,506984000,60,40,40,40,60,60
2018-W35,2018,35,2018-08-27,2018-09-02,2018-08-27,2018-09-02,7,7,0,6,1,0,6,1,0.8571,0.8571,2240,4200,1960,0.875,2240000,4200000,1960000,1500056,2009000,508944,508944000,60,40,40,40,60,60
2018-W36,2018,36,2018-09-03,2018-09-09,2018-09-03,2018-09-09,7,7,0,4,3,0,4,3,0.5714,0.5714,2256,2800,544,0.2411,2256000,2800000,544000,1502312,2011800,509488,509488000,59.71,40.29,40,41,59,60
2018-W37,2018,37,2018-09-10,2018-09-16,2018-09-10,2018-09-16,7,7,0,5,2,0,5,2,0.7143,0.7143,2256,3500,1244,0.5514,2256000,3500000,1244000,1504568,2015300,510732,510732000,59.71,40.29,40,42,58,60
2018-W38,2018,38,2018-09-17,2018-09-23,2018-09-17,2018-09-23,7,7,0,3,4,0,3,4,0.4286,0.4286,2256,2100,-156,-0.0691,2256000,2100000,-156000,1506824,2017400,510576,510576000,59.71,40.29,40,42,58,60
2018-W39,2018,39,2018-09-24,2018-09-30,2018-09-24,2018-09-30,7,7,0,3,4,0,3,4,0.4286,0.4286,2264,2100,-164,-0.0724,2264000,2100000,-164000,1509088,2019500,510412,510412000,59.57,40.43,40,41,59,60
2018-W40,2018,40,2018-10-01,2018-10-07,2018-10-01,2018-10-07,7,7,0,6,1,0,6,1,0.8571,0.8571,2240,4200,1960,0.875,2240000,4200000,1960000,1511328,2023700,512372,512372000,60,40,40,40,60,60
2018-W41,2018,41,2018-10-08,2018-10-14,2018-10-08,2018-10-14,7,7,0,7,0,0,7,0,1,1,2256,4900,2644,1.172,2256000,4900000,2644000,1513584,2028600,515016,515016000,59.71,40.29,40,41,59,60
2018-W42,2018,42,2018-10-15,2018-10-21,2018-10-15,2018-10-21,7,7,0,6,1,0,6,1,0.8571,0.8571,2248,4200,1952,0.8683,2248000,4200000,1952000,1515832,2032800,516968,516968000,59.86,40.14,40,41,59,60
2018-W43,2018,43,2018-10-22,2018-10-28,2018-10-22,2018-10-28,7,7,0,4,3,0,4,3,0.5714,0.5714,2256,2800,544,0.2411,2256000,2800000,544000,1518088,2035600,517512,517512000,59.71,40.29,40,41,59,60
2018-W44,2018,44,2018-10-29,2018-11-04,2018-10-29,2018-11-04,7,7,0,4,3,0,4,3,0.5714,0.5714,2256,2800,544,0.2411,2256000,2800000,544000,1520344,2038400,518056,518056000,59.71,40.29,40,41,59,60
2018-W45,2018,45,2018-11-05,2018-11-11,2018-11-05,2018-11-11,7,7,0,2,5,0,2,5,0.2857,0.2857,2256,1400,-856,-0.3794,2256000,1400000,-856000,1522600,2039800,517200,517200000,59.71,40.29,40,41,59,60
2018-W46,2018,46,2018-11-12,2018-11-18,2018-11-12,2018-11-18,7,7,0,2,5,0,2,5,0.2857,0.2857,2272,1400,-872,-0.3838,2272000,1400000,-872000,1524872,2041200,516328,516328000,59.43,40.57,40,42,58,60
2018-W47,2018,47,2018-11-19,2018-11-25,2018-11-19,2018-11-25,7,7,0,4,3,0,4,3,0.5714,0.5714,2248,2800,552,0.2456,2248000,2800000,552000,1527120,2044000,516880,516880000,59.86,40.14,40,41,59,60
2018-W48,2018,48,2018-11-26,2018-12-02,2018-11-26,2018-12-02,7,7,0,5,2,0,5,2,0.7143,0.7143,2248,3500,1252,0.5569,2248000,3500000,1252000,1529368,2047500,518132,518132000,59.86,40.14,40,41,59,60
2018-W49,2018,49,2018-12-03,2018-12-09,2018-12-03,2018-12-09,7,7,0,2,5,0,2,5,0.2857,0.2857,2256,1400,-856,-0.3794,2256000,1400000,-856000,1531624,2048900,517276,517276000,59.71,40.29,40,41,59,60
2018-W50,2018,50,2018-12-10,2018-12-16,2018-12-10,2018-12-16,7,7,0,4,3,0,4,3,0.5714,0.5714,2240,2800,560,0.25,2240000,2800000,560000,1533864,2051700,517836,517836000,60,40,40,40,60,60
2018-W51,2018,51,2018-12-17,2018-12-23,2018-12-17,2018-12-23,7,7,0,4,3,0,4,3,0.5714,0.5714,2256,2800,544,0.2411,2256000,2800000,544000,1536120,2054500,518380,518380000,59.71,40.29,40,42,58,60
2018-W52,2018,52,2018-12-24,2018-12-30,2018-12-24,2018-12-30,7,7,0,7,0,0,7,0,1,1,2248,4900,2652,1.1797,2248000,4900000,2652000,1538368,2059400,521032,521032000,59.86,40.14,40,41,59,60
2019-W01,2019,1,2018-12-31,2019-01-06,2018-12-31,2019-01-06,7,7,0,5,2,0,5,2,0.7143,0.7143,2248,3500,1252,0.5569,2248000,3500000,1252000,1540616,2062900,522284,522284000,59.86,40.14,40,41,59,60
2019-W02,2019,2,2019-01-07,2019-01-13,2019-01-07,2019-01-13,7,7,0,4,3,0,4,3,0.5714,0.5714,2256,2800,544,0.2411,2256000,2800000,544000,1542872,2065700,522828,522828000,59.71,40.29,40,41,59,60
2019-W03,2019,3,2019-01-14,2019-01-20,2019-01-14,2019-01-20,7,7,0,5,2,0,5,2,0.7143,0.7143,2264,3500,1236,0.5459,2264000,3500000,1236000,1545136,2069200,524064,524064000,59.57,40.43,40,41,59,60
2019-W04,2019,4,2019-01-21,2019-01-27,2019-01-21,2019-01-27,7,7,0,5,2,0,5,2,0.7143,0.7143,2248,3500,1252,0.5569,2248000,3500000,1252000,1547384,2072700,525316,525316000,59.86,40.14,40,41,59,60
2019-W05,2019,5,2019-01-28,2019-02-03,2019-01-28,2019-02-03,7,7,0,4,3,0,4,3,0.5714,0.5714,2256,2800,544,0.2411,2256000,2800000,544000,1549640,2075500,525860,525860000,59.71,40.29,40,42,58,60
2019-W06,2019,6,2019-02-04,2019-02-10,2019-02-08,2019-02-10,3,3,0,1,2,0,1,2,0.3333,0.3333,928,700,-228,-0.2457,928000,700000,-228000,1550568,2076200,525632,525632000,61.33,38.67,36,40,60,64
2019-W07,2019,7,2019-02-11,2019-02-17,2019-02-11,2019-02-17,7,7,0,3,4,0,3,4,0.4286,0.4286,2248,2100,-148,-0.0658,2248000,2100000,-148000,1552816,2078300,525484,525484000,59.86,40.14,40,41,59,60
2019-W08,2019,8,2019-02-18,2019-02-24,2019-02-18,2019-02-24,7,7,0,5,2,0,5,2,0.7143,0.7143,2248,3500,1252,0.5569,2248000,3500000,1252000,1555064,2081800,526736,526736000,59.86,40.14,40,41,59,60
2019-W09,2019,9,2019-02-25,2019-03-03,2019-02-25,2019-03-03,7,7,0,2,5,0,2,5,0.2857,0.2857,2256,1400,-856,-0.3794,2256000,1400000,-856000,1557320,2083200,525880,525880000,59.71,40.29,40,41,59,60
2019-W10,2019,10,2019-03-04,2019-03-10,2019-03-04,2019-03-10,7,7,0,5,2,0,5,2,0.7143,0.7143,2264,3500,1236,0.5459,2264000,3500000,1236000,1559584,2086700,527116,527116000,59.57,40.43,40,42,58,60
2019-W11,2019,11,2019-03-11,2019-03-17,2019-03-11,2019-03-17,7,7,0,4,3,0,4,3,0.5714,0.5714,2240,2800,560,0.25,2240000,2800000,560000,1561824,2089500,527676,527676000,60,40,40,40,60,60
2019-W12,2019,12,2019-03-18,2019-03-24,2019-03-18,2019-03-24,7,7,0,5,2,0,5,2,0.7143,0.7143,2240,3500,1260,0.5625,2240000,3500000,1260000,1564064,2093000,528936,528936000,60,40,40,40,60,60
2019-W13,2019,13,2019-03-25,2019-03-31,2019-03-25,2019-03-31,7,7,0,6,1,0,6,1,0.8571,0.8571,2248,4200,1952,0.8683,2248000,4200000,1952000,1566312,2097200,530888,530888000,59.86,40.14,40,41,59,60
2019-W14,2019,14,2019-04-01,2019-04-07,2019-04-01,2019-04-07,7,7,0,4,3,0,4,3,0.5714,0.5714,2248,2800,552,0.2456,2248000,2800000,552000,1568560,2100000,531440,531440000,59.86,40.14,40,41,59,60
2019-W15,2019,15,2019-04-08,2019-04-14,2019-04-08,2019-04-14,7,7,0,4,3,0,4,3,0.5714,0.5714,2248,2800,552,0.2456,2248000,2800000,552000,1570808,2102800,531992,531992000,59.86,40.14,40,41,59,60
2019-W16,2019,16,2019-04-15,2019-04-21,2019-04-15,2019-04-21,7,7,0,2,5,0,2,5,0.2857,0.2857,2248,1400,-848,-0.3772,2248000,1400000,-848000,1573056,2104200,531144,531144000,59.86,40.14,40,41,59,60
2019-W17,2019,17,2019-04-22,2019-04-28,2019-04-22,2019-04-28,7,7,0,6,1,0,6,1,0.8571,0.8571,2240,4200,1960,0.875,2240000,4200000,1960000,1575296,2108400,533104,533104000,60,40,40,40,60,60
2019-W18,2019,18,2019-04-29,2019-05-05,2019-04-29,2019-05-05,7,7,0,4,3,0,4,3,0.5714,0.5714,2256,2800,544,0.2411,2256000,2800000,544000,1577552,2111200,533648,533648000,59.71,40.29,40,41,59,60
2019-W19,2019,19,2019-05-06,2019-05-12,2019-05-06,2019-05-12,7,7,0,5,2,0,5,2,0.7143,0.7143,2256,3500,1244,0.5514,2256000,3500000,1244000,1579808,2114700,534892,534892000,59.71,40.29,40,41,59,60
2019-W20,2019,20,2019-05-13,2019-05-19,2019-05-13,2019-05-19,7,7,0,1,6,0,1,6,0.1429,0.1429,2256,700,-1556,-0.6897,2256000,700000,-1556000,1582064,2115400,533336,533336000,59.71,40.29,40,41,59,60
2019-W21,2019,21,2019-05-20,2019-05-26,2019-05-20,2019-05-26,7,7,0,6,1,0,6,1,0.8571,0.8571,2248,4200,1952,0.8683,2248000,4200000,1952000,1584312,2119600,535288,535288000,59.86,40.14,40,41,59,60
2019-W22,2019,22,2019-05-27,2019-06-02,2019-05-27,2019-06-02,7,7,0,3,4,0,3,4,0.4286,0.4286,2240,2100,-140,-0.0625,2240000,2100000,-140000,1586552,2121700,535148,535148000,60,40,40,40,60,60
2019-W23,2019,23,2019-06-03,2019-06-09,2019-06-03,2019-06-09,7,7,0,3,4,0,3,4,0.4286,0.4286,2248,2100,-148,-0.0658,2248000,2100000,-148000,1588800,2123800,535000,535000000,59.86,40.14,40,41,59,60
2019-W24,2019,24,2019-06-10,2019-06-16,2019-06-10,2019-06-16,7,7,0,2,5,0,2,5,0.2857,0.2857,2240,1400,-840,-0.375,2240000,1400000,-840000,1591040,2125200,534160,534160000,60,40,40,40,60,60
2019-W25,2019,25,2019-06-17,2019-06-23,2019-06-17,2019-06-23,7,7,0,4,3,0,4,3,0.5714,0.5714,2248,2800,552,0.2456,2248000,2800000,552000,1593288,2128000,534712,534712000,59.86,40.14,40,41,59,60
2019-W26,2019,26,2019-06-24,2019-06-30,2019-06-24,2019-06-30,7,7,0,6,1,0,6,1,0.8571,0.8571,2240,4200,1960,0.875,2240000,4200000,1960000,1595528,2132200,536672,536672000,60,40,40,40,60,60
2019-W27,2019,27,2019-07-01,2019-07-07,2019-07-01,2019-07-07,7,7,0,5,2,0,5,2,0.7143,0.7143,2248,3500,1252,0.5569,2248000,3500000,1252000,1597776,2135700,537924,537924000,59.86,40.14,40,41,59,60
2019-W28,2019,28,2019-07-08,2019-07-14,2019-07-08,2019-07-14,7,7,0,4,3,0,4,3,0.5714,0.5714,2256,2800,544,0.2411,2256000,2800000,544000,1600032,2138500,538468,538468000,59.71,40.29,40,41,59,60
2019-W29,2019,29,2019-07-15,2019-07-21,2019-07-15,2019-07-21,7,7,0,4,3,0,4,3,0.5714,0.5714,2240,2800,560,0.25,2240000,2800000,560000,1602272,2141300,539028,539028000,60,40,40,40,60,60
2019-W30,2019,30,2019-07-22,2019-07-28,2019-07-22,2019-07-28,7,7,0,3,4,0,3,4,0.4286,0.4286,2264,2100,-164,-0.0724,2264000,2100000,-164000,1604536,2143400,538864,538864000,59.57,40.43,40,42,58,60
2019-W31,2019,31,2019-07-29,2019-08-04,2019-07-29,2019-08-04,7,7,0,5,2,0,5,2,0.7143,0.7143,2240,3500,1260,0.5625,2240000,3500000,1260000,1606776,2146900,540124,540124000,60,40,40,40,60,60
2019-W32,2019,32,2019-08-05,2019-08-11,2019-08-05,2019-08-11,7,7,0,5,2,0,5,2,0.7143,0.7143,2240,3500,1260,0.5625,2240000,3500000,1260000,1609016,2150400,541384,541384000,60,40,40,40,60,60
2019-W33,2019,33,2019-08-12,2019-08-18,2019-08-12,2019-08-18,7,7,0,4,3,0,4,3,0.5714,0.5714,2256,2800,544,0.2411,2256000,2800000,544000,1611272,2153200,541928,541928000,59.71,40.29,40,41,59,60
2019-W34,2019,34,2019-08-19,2019-08-25,2019-08-19,2019-08-25,7,7,0,4,3,0,4,3,0.5714,0.5714,2256,2800,544,0.2411,2256000,2800000,544000,1613528,2156000,542472,542472000,59.71,40.29,40,42,58,60
2019-W35,2019,35,2019-08-26,2019-09-01,2019-08-26,2019-09-01,7,7,0,5,2,0,5,2,0.7143,0.7143,2256,3500,1244,0.5514,2256000,3500000,1244000,1615784,2159500,543716,543716000,59.71,40.29,40,41,59,60
2019-W36,2019,36,2019-09-02,2019-09-08,2019-09-02,2019-09-08,7,7,0,4,3,0,4,3,0.5714,0.5714,2256,2800,544,0.2411,2256000,2800000,544000,1618040,2162300,544260,544260000,59.71,40.29,40,41,59,60
2019-W37,2019,37,2019-09-09,2019-09-15,2019-09-09,2019-09-15,7,7,0,3,4,0,3,4,0.4286,0.4286,2240,2100,-140,-0.0625,2240000,2100000,-140000,1620280,2164400,544120,544120000,60,40,40,40,60,60
2019-W38,2019,38,2019-09-16,2019-09-22,2019-09-16,2019-09-22,7,7,0,4,3,0,4,3,0.5714,0.5714,2264,2800,536,0.2367,2264000,2800000,536000,1622544,2167200,544656,544656000,59.57,40.43,40,42,58,60
2019-W39,2019,39,2019-09-23,2019-09-29,2019-09-23,2019-09-29,7,7,0,4,3,0,4,3,0.5714,0.5714,2248,2800,552,0.2456,2248000,2800000,552000,1624792,2170000,545208,545208000,59.86,40.14,40,41,59,60
2019-W40,2019,40,2019-09-30,2019-10-06,2019-09-30,2019-10-06,7,7,0,7,0,0,7,0,1,1,2240,4900,2660,1.1875,2240000,4900000,2660000,1627032,2174900,547868,547868000,60,40,40,40,60,60
2019-W41,2019,41,2019-10-07,2019-10-13,2019-10-07,2019-10-13,7,7,0,2,5,0,2,5,0.2857,0.2857,2264,1400,-864,-0.3816,2264000,1400000,-864000,1629296,2176300,547004,547004000,59.57,40.43,40,41,59,60
2019-W42,2019,42,2019-10-14,2019-10-20,2019-10-14,2019-10-20,7,7,0,5,2,0,5,2,0.7143,0.7143,2256,3500,1244,0.5514,2256000,3500000,1244000,1631552,2179800,548248,548248000,59.71,40.29,40,41,59,60
2019-W43,2019,43,2019-10-21,2019-10-27,2019-10-21,2019-10-27,7,7,0,4,3,0,4,3,0.5714,0.5714,2240,2800,560,0.25,2240000,2800000,560000,1633792,2182600,548808,548808000,60,40,40,40,60,60
2019-W44,2019,44,2019-10-28,2019-11-03,2019-10-28,2019-11-03,7,7,0,5,2,0,5,2,0.7143,0.7143,2264,3500,1236,0.5459,2264000,3500000,1236000,1636056,2186100,550044,550044000,59.57,40.43,40,41,59,60
2019-W45,2019,45,2019-11-04,2019-11-10,2019-11-04,2019-11-10,7,7,0,4,3,0,4,3,0.5714,0.5714,2256,2800,544,0.2411,2256000,2800000,544000,1638312,2188900,550588,550588000,59.71,40.29,40,41,59,60
2019-W46,2019,46,2019-11-11,2019-11-17,2019-11-11,2019-11-17,7,7,0,4,3,0,4,3,0.5714,0.5714,2240,2800,560,0.25,2240000,2800000,560000,1640552,2191700,551148,551148000,60,40,40,40,60,60
2019-W47,2019,47,2019-11-18,2019-11-24,2019-11-18,2019-11-24,7,7,0,4,3,0,4,3,0.5714,0.5714,2240,2800,560,0.25,2240000,2800000,560000,1642792,2194500,551708,551708000,60,40,40,40,60,60
2019-W48,2019,48,2019-11-25,2019-12-01,2019-11-25,2019-12-01,7,7,0,4,3,0,4,3,0.5714,0.5714,2272,2800,528,0.2324,2272000,2800000,528000,1645064,2197300,552236,552236000,59.43,40.57,40,42,58,60
2019-W49,2019,49,2019-12-02,2019-12-08,2019-12-02,2019-12-08,7,7,0,5,2,0,5,2,0.7143,0.7143,2248,3500,1252,0.5569,2248000,3500000,1252000,1647312,2200800,553488,553488000,59.86,40.14,40,41,59,60
2019-W50,2019,50,2019-12-09,2019-12-15,2019-12-09,2019-12-15,7,7,0,4,3,0,4,3,0.5714,0.5714,2248,2800,552,0.2456,2248000,2800000,552000,1649560,2203600,554040,554040000,59.86,40.14,40,41,59,60
2019-W51,2019,51,2019-12-16,2019-12-22,2019-12-16,2019-12-22,7,7,0,6,1,0,6,1,0.8571,0.8571,2240,4200,1960,0.875,2240000,4200000,1960000,1651800,2207800,556000,556000000,60,40,40,40,60,60
2019-W52,2019,52,2019-12-23,2019-12-29,2019-12-23,2019-12-29,7,7,0,4,3,0,4,3,0.5714,0.5714,2264,2800,536,0.2367,2264000,2800000,536000,1654064,2210600,556536,556536000,59.57,40.43,40,41,59,60
2020-W01,2020,1,2019-12-30,2020-01-05,2019-12-30,2020-01-05,7,7,0,4,3,0,4,3,0.5714,0.5714,2248,2800,552,0.2456,2248000,2800000,552000,1656312,2213400,557088,557088000,59.86,40.14,40,41,59,60
2020-W02,2020,2,2020-01-06,2020-01-12,2020-01-06,2020-01-12,7,7,0,4,3,0,4,3,0.5714,0.5714,2240,2800,560,0.25,2240000,2800000,560000,1658552,2216200,557648,557648000,60,40,40,40,60,60
2020-W03,2020,3,2020-01-13,2020-01-19,2020-01-13,2020-01-19,7,7,0,5,2,0,5,2,0.7143,0.7143,2256,3500,1244,0.5514,2256000,3500000,1244000,1660808,2219700,558892,558892000,59.71,40.29,40,41,59,60
2020-W04,2020,4,2020-01-20,2020-01-26,2020-01-20,2020-01-23,4,4,0,3,1,0,3,1,0.75,0.75,1288,2100,812,0.6304,1288000,2100000,812000,1662096,2221800,559704,559704000,59.75,40.25,40,41,59,60
2020-W05,2020,5,2020-01-27,2020-02-02,2020-01-28,2020-02-02,6,6,0,4,2,0,4,2,0.6667,0.6667,1896,2800,904,0.4768,1896000,2800000,904000,1663992,2224600,560608,560608000,60.5,39.5,35,42,58,65
2020-W06,2020,6,2020-02-03,2020-02-09,2020-02-03,2020-02-09,7,7,0,5,2,0,5,2,0.7143,0.7143,2240,3500,1260,0.5625,2240000,3500000,1260000,1666232,2228100,561868,561868000,60,40,40,40,60,60
2020-W07,2020,7,2020-02-10,2020-02-16,2020-02-10,2020-02-16,7,7,0,5,2,0,5,2,0.7143,0.7143,2248,3500,1252,0.5569,2248000,3500000,1252000,1668480,2231600,563120,563120000,59.86,40.14,40,41,59,60
2020-W08,2020,8,2020-02-17,2020-02-23,2020-02-17,2020-02-23,7,7,0,5,2,0,5,2,0.7143,0.7143,2240,3500,1260,0.5625,2240000,3500000,1260000,1670720,2235100,564380,564380000,60,40,40,40,60,60
2020-W09,2020,9,2020-02-24,2020-03-01,2020-02-24,2020-03-01,7,7,0,3,4,0,3,4,0.4286,0.4286,2240,2100,-140,-0.0625,2240000,2100000,-140000,1672960,2237200,564240,564240000,60,40,40,40,60,60
2020-W10,2020,10,2020-03-02,2020-03-08,2020-03-02,2020-03-08,7,7,0,5,2,0,5,2,0.7143,0.7143,2272,3500,1228,0.5405,2272000,3500000,1228000,1675232,2240700,565468,565468000,59.43,40.57,40,42,58,60
2020-W11,2020,11,2020-03-09,2020-03-15,2020-03-09,2020-03-15,7,7,0,7,0,0,7,0,1,1,2256,4900,2644,1.172,2256000,4900000,2644000,1677488,2245600,568112,568112000,59.71,40.29,40,42,58,60
2020-W12,2020,12,2020-03-16,2020-03-22,2020-03-16,2020-03-22,7,7,0,5,2,0,5,2,0.7143,0.7143,2248,3500,1252,0.5569,2248000,3500000,1252000,1679736,2249100,569364,569364000,59.86,40.14,40,41,59,60
2020-W13,2020,13,2020-03-23,2020-03-29,2020-03-23,2020-03-29,7,7,0,4,3,0,4,3,0.5714,0.5714,2264,2800,536,0.2367,2264000,2800000,536000,1682000,2251900,569900,569900000,59.57,40.43,40,41,59,60
2020-W14,2020,14,2020-03-30,2020-04-05,2020-03-30,2020-03-31,2,2,0,2,0,0,2,0,1,1,648,1400,752,1.1605,648000,1400000,752000,1682648,2253300,570652,570652000,59.5,40.5,40,41,59,60
2020-W17,2020,17,2020-04-20,2020-04-26,2020-04-23,2020-04-26,4,4,0,2,2,0,2,2,0.5,0.5,1384,1400,16,0.0116,1384000,1400000,16000,1684032,2254700,570668,570668000,56.75,43.25,40,52,48,60
2020-W18,2020,18,2020-04-27,2020-05-03,2020-04-27,2020-05-03,7,7,0,5,2,0,5,2,0.7143,0.7143,2272,3500,1228,0.5405,2272000,3500000,1228000,1686304,2258200,571896,571896000,59.43,40.57,40,41,59,60
2020-W19,2020,19,2020-05-04,2020-05-10,2020-05-04,2020-05-10,7,7,0,5,2,0,5,2,0.7143,0.7143,2248,3500,1252,0.5569,2248000,3500000,1252000,1688552,2261700,573148,573148000,59.86,40.14,40,41,59,60
2020-W20,2020,20,2020-05-11,2020-05-17,2020-05-11,2020-05-17,7,7,0,4,3,0,4,3,0.5714,0.5714,2248,2800,552,0.2456,2248000,2800000,552000,1690800,2264500,573700,573700000,59.86,40.14,40,41,59,60
2020-W21,2020,21,2020-05-18,2020-05-24,2020-05-18,2020-05-24,7,7,0,3,4,0,3,4,0.4286,0.4286,2256,2100,-156,-0.0691,2256000,2100000,-156000,1693056,2266600,573544,573544000,59.71,40.29,40,41,59,60
2020-W22,2020,22,2020-05-25,2020-05-31,2020-05-25,2020-05-31,7,7,0,5,2,0,5,2,0.7143,0.7143,2272,3500,1228,0.5405,2272000,3500000,1228000,1695328,2270100,574772,574772000,59.43,40.57,40,42,58,60
2020-W23,2020,23,2020-06-01,2020-06-07,2020-06-01,2020-06-07,7,7,0,3,4,0,3,4,0.4286,0.4286,2264,2100,-164,-0.0724,2264000,2100000,-164000,1697592,2272200,574608,574608000,59.57,40.43,40,42,58,60
2020-W24,2020,24,2020-06-08,2020-06-14,2020-06-08,2020-06-14,7,7,0,4,3,0,4,3,0.5714,0.5714,2248,2800,552,0.2456,2248000,2800000,552000,1699840,2275000,575160,575160000,59.86,40.14,40,41,59,60
2020-W25,2020,25,2020-06-15,2020-06-21,2020-06-15,2020-06-21,7,7,0,3,4,0,3,4,0.4286,0.4286,2256,2100,-156,-0.0691,2256000,2100000,-156000,1702096,2277100,575004,575004000,59.71,40.29,40,41,59,60
2020-W26,2020,26,2020-06-22,2020-06-28,2020-06-22,2020-06-28,7,7,0,3,4,0,3,4,0.4286,0.4286,2248,2100,-148,-0.0658,2248000,2100000,-148000,1704344,2279200,574856,574856000,59.86,40.14,40,41,59,60
2020-W27,2020,27,2020-06-29,2020-07-05,2020-06-29,2020-07-05,7,7,0,6,1,0,6,1,0.8571,0.8571,2248,4200,1952,0.8683,2248000,4200000,1952000,1706592,2283400,576808,576808000,59.86,40.14,40,41,59,60
2020-W28,2020,28,2020-07-06,2020-07-12,2020-07-06,2020-07-12,7,7,0,1,6,0,1,6,0.1429,0.1429,2256,700,-1556,-0.6897,2256000,700000,-1556000,1708848,2284100,575252,575252000,59.71,40.29,40,41,59,60
2020-W29,2020,29,2020-07-13,2020-07-19,2020-07-13,2020-07-19,7,7,0,2,5,0,2,5,0.2857,0.2857,2256,1400,-856,-0.3794,2256000,1400000,-856000,1711104,2285500,574396,574396000,59.71,40.29,40,41,59,60
2020-W30,2020,30,2020-07-20,2020-07-26,2020-07-20,2020-07-26,7,7,0,6,1,0,6,1,0.8571,0.8571,2248,4200,1952,0.8683,2248000,4200000,1952000,1713352,2289700,576348,576348000,59.86,40.14,40,41,59,60
2020-W31,2020,31,2020-07-27,2020-08-02,2020-07-27,2020-08-02,7,7,0,5,2,0,5,2,0.7143,0.7143,2256,3500,1244,0.5514,2256000,3500000,1244000,1715608,2293200,577592,577592000,59.71,40.29,40,41,59,60
2020-W32,2020,32,2020-08-03,2020-08-09,2020-08-03,2020-08-09,7,7,0,6,1,0,6,1,0.8571,0.8571,2248,4200,1952,0.8683,2248000,4200000,1952000,1717856,2297400,579544,579544000,59.86,40.14,40,41,59,60
2020-W33,2020,33,2020-08-10,2020-08-16,2020-08-10,2020-08-16,7,7,0,4,3,0,4,3,0.5714,0.5714,2256,2800,544,0.2411,2256000,2800000,544000,1720112,2300200,580088,580088000,59.71,40.29,40,41,59,60
2020-W34,2020,34,2020-08-17,2020-08-23,2020-08-17,2020-08-23,7,7,0,3,4,0,3,4,0.4286,0.4286,2256,2100,-156,-0.0691,2256000,2100000,-156000,1722368,2302300,579932,579932000,59.71,40.29,40,41,59,60
2020-W35,2020,35,2020-08-24,2020-08-30,2020-08-24,2020-08-30,7,7,0,1,6,0,1,6,0.1429,0.1429,2264,700,-1564,-0.6908,2264000,700000,-1564000,1724632,2303000,578368,578368000,59.57,40.43,40,42,58,60
2020-W36,2020,36,2020-08-31,2020-09-06,2020-08-31,2020-09-06,7,7,0,5,2,0,5,2,0.7143,0.7143,2264,3500,1236,0.5459,2264000,3500000,1236000,1726896,2306500,579604,579604000,59.57,40.43,40,42,58,60
2020-W37,2020,37,2020-09-07,2020-09-13,2020-09-07,2020-09-13,7,7,0,4,3,0,4,3,0.5714,0.5714,2240,2800,560,0.25,2240000,2800000,560000,1729136,2309300,580164,580164000,60,40,40,40,60,60
2020-W38,2020,38,2020-09-14,2020-09-20,2020-09-14,2020-09-20,7,7,0,4,3,0,4,3,0.5714,0.5714,2272,2800,528,0.2324,2272000,2800000,528000,1731408,2312100,580692,580692000,59.43,40.57,40,42,58,60
2020-W39,2020,39,2020-09-21,2020-09-27,2020-09-21,2020-09-27,7,7,0,6,1,0,6,1,0.8571,0.8571,2248,4200,1952,0.8683,2248000,4200000,1952000,1733656,2316300,582644,582644000,59.86,40.14,40,41,59,60
2020-W40,2020,40,2020-09-28,2020-10-04,2020-09-28,2020-10-04,7,7,0,5,2,0,5,2,0.7143,0.7143,2256,3500,1244,0.5514,2256000,3500000,1244000,1735912,2319800,583888,583888000,59.71,40.29,40,41,59,60
2020-W41,2020,41,2020-10-05,2020-10-11,2020-10-05,2020-10-11,7,7,0,6,1,0,6,1,0.8571,0.8571,2240,4200,1960,0.875,2240000,4200000,1960000,1738152,2324000,585848,585848000,60,40,40,40,60,60
2020-W42,2020,42,2020-10-12,2020-10-18,2020-10-12,2020-10-18,7,7,0,3,4,0,3,4,0.4286,0.4286,2256,2100,-156,-0.0691,2256000,2100000,-156000,1740408,2326100,585692,585692000,59.71,40.29,40,41,59,60
2020-W43,2020,43,2020-10-19,2020-10-25,2020-10-19,2020-10-25,7,7,0,6,1,0,6,1,0.8571,0.8571,2248,4200,1952,0.8683,2248000,4200000,1952000,1742656,2330300,587644,587644000,59.86,40.14,40,41,59,60
2020-W44,2020,44,2020-10-26,2020-11-01,2020-10-26,2020-11-01,7,7,0,4,3,0,4,3,0.5714,0.5714,2256,2800,544,0.2411,2256000,2800000,544000,1744912,2333100,588188,588188000,59.71,40.29,40,41,59,60
2020-W45,2020,45,2020-11-02,2020-11-08,2020-11-02,2020-11-08,7,7,0,4,3,0,4,3,0.5714,0.5714,2256,2800,544,0.2411,2256000,2800000,544000,1747168,2335900,588732,588732000,59.71,40.29,40,41,59,60
2020-W46,2020,46,2020-11-09,2020-11-15,2020-11-09,2020-11-15,7,7,0,5,2,0,5,2,0.7143,0.7143,2248,3500,1252,0.5569,2248000,3500000,1252000,1749416,2339400,589984,589984000,59.86,40.14,40,41,59,60
2020-W47,2020,47,2020-11-16,2020-11-22,2020-11-16,2020-11-22,7,7,0,4,3,0,4,3,0.5714,0.5714,2256,2800,544,0.2411,2256000,2800000,544000,1751672,2342200,590528,590528000,59.71,40.29,40,41,59,60
2020-W48,2020,48,2020-11-23,2020-11-29,2020-11-23,2020-11-29,7,7,0,5,2,0,5,2,0.7143,0.7143,2248,3500,1252,0.5569,2248000,3500000,1252000,1753920,2345700,591780,591780000,59.86,40.14,40,41,59,60
2020-W49,2020,49,2020-11-30,2020-12-06,2020-11-30,2020-12-06,7,7,0,5,2,0,5,2,0.7143,0.7143,2240,3500,1260,0.5625,2240000,3500000,1260000,1756160,2349200,593040,593040000,60,40,40,40,60,60
2020-W50,2020,50,2020-12-07,2020-12-13,2020-12-07,2020-12-13,7,7,0,4,3,0,4,3,0.5714,0.5714,2256,2800,544,0.2411,2256000,2800000,544000,1758416,2352000,593584,593584000,59.71,40.29,40,42,58,60
2020-W51,2020,51,2020-12-14,2020-12-20,2020-12-14,2020-12-20,7,7,0,6,1,0,6,1,0.8571,0.8571,2256,4200,1944,0.8617,2256000,4200000,1944000,1760672,2356200,595528,595528000,59.71,40.29,40,41,59,60
2020-W52,2020,52,2020-12-21,2020-12-27,2020-12-21,2020-12-27,7,7,0,6,1,0,6,1,0.8571,0.8571,2256,4200,1944,0.8617,2256000,4200000,1944000,1762928,2360400,597472,597472000,59.71,40.29,40,41,59,60
2020-W53,2020,53,2020-12-28,2021-01-03,2020-12-28,2021-01-03,7,7,0,5,2,0,5,2,0.7143,0.7143,2248,3500,1252,0.5569,2248000,3500000,1252000,1765176,2363900,598724,598724000,59.86,40.14,40,41,59,60
2021-W01,2021,1,2021-01-04,2021-01-10,2021-01-04,2021-01-10,7,7,0,7,0,0,7,0,1,1,2240,4900,2660,1.1875,2240000,4900000,2660000,1767416,2368800,601384,601384000,60,40,40,40,60,60
2021-W02,2021,2,2021-01-11,2021-01-17,2021-01-11,2021-01-17,7,7,0,5,2,0,5,2,0.7143,0.7143,2248,3500,1252,0.5569,2248000,3500000,1252000,1769664,2372300,602636,602636000,59.86,40.14,40,41,59,60
2021-W03,2021,3,2021-01-18,2021-01-24,2021-01-18,2021-01-24,7,7,0,5,2,0,5,2,0.7143,0.7143,2264,3500,1236,0.5459,2264000,3500000,1236000,1771928,2375800,603872,603872000,59.57,40.43,40,41,59,60
2021-W04,2021,4,2021-01-25,2021-01-31,2021-01-25,2021-01-31,7,7,0,4,3,0,4,3,0.5714,0.5714,2256,2800,544,0.2411,2256000,2800000,544000,1774184,2378600,604416,604416000,59.71,40.29,40,42,58,60
2021-W05,2021,5,2021-02-01,2021-02-07,2021-02-01,2021-02-07,7,7,0,2,5,0,2,5,0.2857,0.2857,2240,1400,-840,-0.375,2240000,1400000,-840000,1776424,2380000,603576,603576000,60,40,40,40,60,60
2021-W06,2021,6,2021-02-08,2021-02-14,2021-02-08,2021-02-10,3,3,0,1,2,0,1,2,0.3333,0.3333,960,700,-260,-0.2708,960000,700000,-260000,1777384,2380700,603316,603316000,60,40,40,40,60,60
2021-W07,2021,7,2021-02-15,2021-02-21,2021-02-15,2021-02-21,7,7,0,2,5,0,2,5,0.2857,0.2857,2256,1400,-856,-0.3794,2256000,1400000,-856000,1779640,2382100,602460,602460000,59.71,40.29,39,41,59,61
2021-W08,2021,8,2021-02-22,2021-02-28,2021-02-22,2021-02-28,7,7,0,4,3,0,4,3,0.5714,0.5714,2248,2800,552,0.2456,2248000,2800000,552000,1781888,2384900,603012,603012000,59.86,40.14,40,41,59,60
2021-W09,2021,9,2021-03-01,2021-03-07,2021-03-01,2021-03-07,7,7,0,4,3,0,4,3,0.5714,0.5714,2288,2800,512,0.2238,2288000,2800000,512000,1784176,2387700,603524,603524000,59.14,40.86,40,42,58,60
2021-W10,2021,10,2021-03-08,2021-03-14,2021-03-08,2021-03-14,7,7,0,5,2,0,5,2,0.7143,0.7143,2248,3500,1252,0.5569,2248000,3500000,1252000,1786424,2391200,604776,604776000,59.86,40.14,40,41,59,60
2021-W11,2021,11,2021-03-15,2021-03-21,2021-03-15,2021-03-21,7,7,0,4,3,0,4,3,0.5714,0.5714,2256,2800,544,0.2411,2256000,2800000,544000,1788680,2394000,605320,605320000,59.71,40.29,40,41,59,60
2021-W12,2021,12,2021-03-22,2021-03-28,2021-03-22,2021-03-28,7,7,0,6,1,0,6,1,0.8571,0.8571,2240,4200,1960,0.875,2240000,4200000,1960000,1790920,2398200,607280,607280000,60,40,40,40,60,60
2021-W13,2021,13,2021-03-29,2021-04-04,2021-03-29,2021-04-04,7,7,0,4,3,0,4,3,0.5714,0.5714,2240,2800,560,0.25,2240000,2800000,560000,1793160,2401000,607840,607840000,60,40,40,40,60,60
2021-W14,2021,14,2021-04-05,2021-04-11,2021-04-05,2021-04-11,7,7,0,5,2,0,5,2,0.7143,0.7143,2248,3500,1252,0.5569,2248000,3500000,1252000,1795408,2404500,609092,609092000,59.86,40.14,40,41,59,60
2021-W15,2021,15,2021-04-12,2021-04-18,2021-04-12,2021-04-18,7,7,0,5,2,0,5,2,0.7143,0.7143,2256,3500,1244,0.5514,2256000,3500000,1244000,1797664,2408000,610336,610336000,59.71,40.29,40,41,59,60
2021-W16,2021,16,2021-04-19,2021-04-25,2021-04-19,2021-04-25,7,7,0,5,2,0,5,2,0.7143,0.7143,2248,3500,1252,0.5569,2248000,3500000,1252000,1799912,2411500,611588,611588000,59.86,40.14,40,41,59,60
2021-W17,2021,17,2021-04-26,2021-05-02,2021-04-26,2021-05-02,7,7,0,5,2,0,5,2,0.7143,0.7143,2248,3500,1252,0.5569,2248000,3500000,1252000,1802160,2415000,612840,612840000,59.86,40.14,40,41,59,60
2021-W18,2021,18,2021-05-03,2021-05-09,2021-05-03,2021-05-09,7,7,0,3,4,0,3,4,0.4286,0.4286,2248,2100,-148,-0.0658,2248000,2100000,-148000,1804408,2417100,612692,612692000,59.86,40.14,40,41,59,60
2021-W19,2021,19,2021-05-10,2021-05-16,2021-05-10,2021-05-16,7,7,0,6,1,0,6,1,0.8571,0.8571,2240,4200,1960,0.875,2240000,4200000,1960000,1806648,2421300,614652,614652000,60,40,40,40,60,60
2021-W20,2021,20,2021-05-17,2021-05-23,2021-05-17,2021-05-23,7,7,0,6,1,0,6,1,0.8571,0.8571,2240,4200,1960,0.875,2240000,4200000,1960000,1808888,2425500,616612,616612000,60,40,40,40,60,60
2021-W21,2021,21,2021-05-24,2021-05-30,2021-05-24,2021-05-30,7,7,0,4,3,0,4,3,0.5714,0.5714,2256,2800,544,0.2411,2256000,2800000,544000,1811144,2428300,617156,617156000,59.71,40.29,40,41,59,60
2021-W22,2021,22,2021-05-31,2021-06-06,2021-05-31,2021-06-06,7,7,0,4,3,0,4,3,0.5714,0.5714,2272,2800,528,0.2324,2272000,2800000,528000,1813416,2431100,617684,617684000,59.43,40.57,40,42,58,60
2021-W23,2021,23,2021-06-07,2021-06-13,2021-06-07,2021-06-13,7,7,0,5,2,0,5,2,0.7143,0.7143,2248,3500,1252,0.5569,2248000,3500000,1252000,1815664,2434600,618936,618936000,59.86,40.14,40,41,59,60
2021-W24,2021,24,2021-06-14,2021-06-20,2021-06-14,2021-06-20,7,7,0,4,3,0,4,3,0.5714,0.5714,2256,2800,544,0.2411,2256000,2800000,544000,1817920,2437400,619480,619480000,59.71,40.29,40,41,59,60
2021-W25,2021,25,2021-06-21,2021-06-27,2021-06-21,2021-06-27,7,7,0,3,4,0,3,4,0.4286,0.4286,2256,2100,-156,-0.0691,2256000,2100000,-156000,1820176,2439500,619324,619324000,59.71,40.29,40,41,59,60
2021-W26,2021,26,2021-06-28,2021-07-04,2021-06-28,2021-07-04,7,7,0,3,4,0,3,4,0.4286,0.4286,2256,2100,-156,-0.0691,2256000,2100000,-156000,1822432,2441600,619168,619168000,59.71,40.29,40,41,59,60
2021-W27,2021,27,2021-07-05,2021-07-11,2021-07-05,2021-07-11,7,7,0,3,4,0,3,4,0.4286,0.4286,2280,2100,-180,-0.0789,2280000,2100000,-180000,1824712,2443700,618988,618988000,59.29,40.71,40,41,59,60
2021-W28,2021,28,2021-07-12,2021-07-18,2021-07-12,2021-07-18,7,7,0,5,2,0,5,2,0.7143,0.7143,2272,3500,1228,0.5405,2272000,3500000,1228000,1826984,2447200,620216,620216000,59.43,40.57,40,41,59,60
2021-W29,2021,29,2021-07-19,2021-07-25,2021-07-19,2021-07-25,7,7,0,5,2,0,5,2,0.7143,0.7143,2240,3500,1260,0.5625,2240000,3500000,1260000,1829224,2450700,621476,621476000,60,40,40,40,60,60
2021-W30,2021,30,2021-07-26,2021-08-01,2021-07-26,2021-08-01,7,7,0,1,6,0,1,6,0.1429,0.1429,2240,700,-1540,-0.6875,2240000,700000,-1540000,1831464,2451400,619936,619936000,60,40,40,40,60,60
2021-W31,2021,31,2021-08-02,2021-08-08,2021-08-02,2021-08-08,7,7,0,6,1,0,6,1,0.8571,0.8571,2248,4200,1952,0.8683,2248000,4200000,1952000,1833712,2455600,621888,621888000,59.86,40.14,40,41,59,60
2021-W32,2021,32,2021-08-09,2021-08-15,2021-08-09,2021-08-15,7,7,0,6,1,0,6,1,0.8571,0.8571,2240,4200,1960,0.875,2240000,4200000,1960000,1835952,2459800,623848,623848000,60,40,40,40,60,60
2021-W33,2021,33,2021-08-16,2021-08-22,2021-08-16,2021-08-22,7,7,0,4,3,0,4,3,0.5714,0.5714,2256,2800,544,0.2411,2256000,2800000,544000,1838208,2462600,624392,624392000,59.71,40.29,40,41,59,60
2021-W34,2021,34,2021-08-23,2021-08-29,2021-08-23,2021-08-29,7,7,0,4,3,0,4,3,0.5714,0.5714,2264,2800,536,0.2367,2264000,2800000,536000,1840472,2465400,624928,624928000,59.57,40.43,40,41,59,60
2021-W35,2021,35,2021-08-30,2021-09-05,2021-08-30,2021-09-05,7,7,0,6,1,0,6,1,0.8571,0.8571,2240,4200,1960,0.875,2240000,4200000,1960000,1842712,2469600,626888,626888000,60,40,40,40,60,60
2021-W36,2021,36,2021-09-06,2021-09-12,2021-09-06,2021-09-12,7,7,0,6,1,0,6,1,0.8571,0.8571,2240,4200,1960,0.875,2240000,4200000,1960000,1844952,2473800,628848,628848000,60,40,40,40,60,60
2021-W37,2021,37,2021-09-13,2021-09-19,2021-09-13,2021-09-19,7,7,0,4,3,0,4,3,0.5714,0.5714,2240,2800,560,0.25,2240000,2800000,560000,1847192,2476600,629408,629408000,60,40,40,40,60,60
2021-W38,2021,38,2021-09-20,2021-09-26,2021-09-20,2021-09-26,7,7,0,3,4,0,3,4,0.4286,0.4286,2280,2100,-180,-0.0789,2280000,2100000,-180000,1849472,2478700,629228,629228000,59.29,40.71,40,42,58,60
2021-W39,2021,39,2021-09-27,2021-10-03,2021-09-27,2021-10-03,7,7,0,4,3,0,4,3,0.5714,0.5714,2248,2800,552,0.2456,2248000,2800000,552000,1851720,2481500,629780,629780000,59.86,40.14,40,41,59,60
2021-W40,2021,40,2021-10-04,2021-10-10,2021-10-04,2021-10-10,7,7,0,4,3,0,4,3,0.5714,0.5714,2264,2800,536,0.2367,2264000,2800000,536000,1853984,2484300,630316,630316000,59.57,40.43,40,42,58,60
2021-W41,2021,41,2021-10-11,2021-10-17,2021-10-11,2021-10-17,7,7,0,7,0,0,7,0,1,1,2248,4900,2652,1.1797,2248000,4900000,2652000,1856232,2489200,632968,632968000,59.86,40.14,40,41,59,60
2021-W42,2021,42,2021-10-18,2021-10-24,2021-10-18,2021-10-24,7,7,0,5,2,0,5,2,0.7143,0.7143,2248,3500,1252,0.5569,2248000,3500000,1252000,1858480,2492700,634220,634220000,59.86,40.14,40,41,59,60
2021-W43,2021,43,2021-10-25,2021-10-31,2021-10-25,2021-10-31,7,7,0,5,2,0,5,2,0.7143,0.7143,2248,3500,1252,0.5569,2248000,3500000,1252000,1860728,2496200,635472,635472000,59.86,40.14,40,41,59,60
2021-W44,2021,44,2021-11-01,2021-11-07,2021-11-01,2021-11-07,7,7,0,7,0,0,7,0,1,1,2256,4900,2644,1.172,2256000,4900000,2644000,1862984,2501100,638116,638116000,59.71,40.29,40,41,59,60
2021-W45,2021,45,2021-11-08,2021-11-14,2021-11-08,2021-11-14,7,7,0,4,3,0,4,3,0.5714,0.5714,2248,2800,552,0.2456,2248000,2800000,552000,1865232,2503900,638668,638668000,59.86,40.14,40,41,59,60
2021-W46,2021,46,2021-11-15,2021-11-21,2021-11-15,2021-11-21,7,7,0,3,4,0,3,4,0.4286,0.4286,2256,2100,-156,-0.0691,2256000,2100000,-156000,1867488,2506000,638512,638512000,59.71,40.29,40,41,59,60
2021-W47,2021,47,2021-11-22,2021-11-28,2021-11-22,2021-11-28,7,7,0,2,5,0,2,5,0.2857,0.2857,2240,1400,-840,-0.375,2240000,1400000,-840000,1869728,2507400,637672,637672000,60,40,40,40,60,60
2021-W48,2021,48,2021-11-29,2021-12-05,2021-11-29,2021-12-05,7,7,0,3,4,0,3,4,0.4286,0.4286,2248,2100,-148,-0.0658,2248000,2100000,-148000,1871976,2509500,637524,637524000,59.86,40.14,40,41,59,60
2021-W49,2021,49,2021-12-06,2021-12-12,2021-12-06,2021-12-12,7,7,0,7,0,0,7,0,1,1,2248,4900,2652,1.1797,2248000,4900000,2652000,1874224,2514400,640176,640176000,59.86,40.14,40,41,59,60
2021-W50,2021,50,2021-12-13,2021-12-19,2021-12-13,2021-12-19,7,7,0,2,5,0,2,5,0.2857,0.2857,2248,1400,-848,-0.3772,2248000,1400000,-848000,1876472,2515800,639328,639328000,59.86,40.14,40,41,59,60
2021-W51,2021,51,2021-12-20,2021-12-26,2021-12-20,2021-12-26,7,7,0,4,3,0,4,3,0.5714,0.5714,2248,2800,552,0.2456,2248000,2800000,552000,1878720,2518600,639880,639880000,59.86,40.14,40,41,59,60
2021-W52,2021,52,2021-12-27,2022-01-02,2021-12-27,2022-01-02,7,7,0,5,2,0,5,2,0.7143,0.7143,2248,3500,1252,0.5569,2248000,3500000,1252000,1880968,2522100,641132,641132000,59.86,40.14,40,41,59,60
2022-W01,2022,1,2022-01-03,2022-01-09,2022-01-03,2022-01-09,7,7,0,5,2,0,5,2,0.7143,0.7143,2248,3500,1252,0.5569,2248000,3500000,1252000,1883216,2525600,642384,642384000,59.86,40.14,40,41,59,60
2022-W02,2022,2,2022-01-10,2022-01-16,2022-01-10,2022-01-16,7,7,0,4,3,0,4,3,0.5714,0.5714,2256,2800,544,0.2411,2256000,2800000,544000,1885472,2528400,642928,642928000,59.71,40.29,40,41,59,60
2022-W03,2022,3,2022-01-17,2022-01-23,2022-01-17,2022-01-23,7,7,0,6,1,0,6,1,0.8571,0.8571,2248,4200,1952,0.8683,2248000,4200000,1952000,1887720,2532600,644880,644880000,59.86,40.14,40,41,59,60
2022-W04,2022,4,2022-01-24,2022-01-30,2022-01-24,2022-01-30,7,7,0,3,4,0,3,4,0.4286,0.4286,2248,2100,-148,-0.0658,2248000,2100000,-148000,1889968,2534700,644732,644732000,59.86,40.14,40,41,59,60
2022-W05,2022,5,2022-01-31,2022-02-06,2022-02-04,2022-02-06,3,3,0,1,2,0,1,2,0.3333,0.3333,1096,700,-396,-0.3613,1096000,700000,-396000,1891064,2535400,644336,644336000,54.33,45.67,38,59,41,62
2022-W06,2022,6,2022-02-07,2022-02-13,2022-02-07,2022-02-13,7,7,0,6,1,0,6,1,0.8571,0.8571,2264,4200,1936,0.8551,2264000,4200000,1936000,1893328,2539600,646272,646272000,59.57,40.43,40,42,58,60
2022-W07,2022,7,2022-02-14,2022-02-20,2022-02-14,2022-02-20,7,7,0,5,2,0,5,2,0.7143,0.7143,2248,3500,1252,0.5569,2248000,3500000,1252000,1895576,2543100,647524,647524000,59.86,40.14,40,41,59,60
2022-W08,2022,8,2022-02-21,2022-02-27,2022-02-21,2022-02-27,7,7,0,5,2,0,5,2,0.7143,0.7143,2248,3500,1252,0.5569,2248000,3500000,1252000,1897824,2546600,648776,648776000,59.86,40.14,40,41,59,60
2022-W09,2022,9,2022-02-28,2022-03-06,2022-02-28,2022-03-06,7,7,0,3,4,0,3,4,0.4286,0.4286,2272,2100,-172,-0.0757,2272000,2100000,-172000,1900096,2548700,648604,648604000,59.43,40.57,40,41,59,60
2022-W10,2022,10,2022-03-07,2022-03-13,2022-03-07,2022-03-13,7,7,0,5,2,0,5,2,0.7143,0.7143,2256,3500,1244,0.5514,2256000,3500000,1244000,1902352,2552200,649848,649848000,59.71,40.29,40,41,59,60
2022-W11,2022,11,2022-03-14,2022-03-20,2022-03-14,2022-03-20,7,7,0,4,3,0,4,3,0.5714,0.5714,2248,2800,552,0.2456,2248000,2800000,552000,1904600,2555000,650400,650400000,59.86,40.14,40,41,59,60
2022-W12,2022,12,2022-03-21,2022-03-27,2022-03-21,2022-03-27,7,7,0,5,2,0,5,2,0.7143,0.7143,2248,3500,1252,0.5569,2248000,3500000,1252000,1906848,2558500,651652,651652000,59.86,40.14,40,41,59,60
2022-W13,2022,13,2022-03-28,2022-04-03,2022-03-28,2022-04-03,7,7,0,4,3,0,4,3,0.5714,0.5714,2256,2800,544,0.2411,2256000,2800000,544000,1909104,2561300,652196,652196000,59.71,40.29,40,41,59,60
2022-W14,2022,14,2022-04-04,2022-04-10,2022-04-04,2022-04-10,7,7,0,6,1,0,6,1,0.8571,0.8571,2248,4200,1952,0.8683,2248000,4200000,1952000,1911352,2565500,654148,654148000,59.86,40.14,40,41,59,60
2022-W15,2022,15,2022-04-11,2022-04-17,2022-04-11,2022-04-17,7,7,0,5,2,0,5,2,0.7143,0.7143,2272,3500,1228,0.5405,2272000,3500000,1228000,1913624,2569000,655376,655376000,59.43,40.57,40,42,58,60
2022-W16,2022,16,2022-04-18,2022-04-24,2022-04-18,2022-04-24,7,7,0,5,2,0,5,2,0.7143,0.7143,2248,3500,1252,0.5569,2248000,3500000,1252000,1915872,2572500,656628,656628000,59.86,40.14,40,41,59,60
2022-W17,2022,17,2022-04-25,2022-05-01,2022-04-25,2022-05-01,7,7,0,7,0,0,7,0,1,1,2240,4900,2660,1.1875,2240000,4900000,2660000,1918112,2577400,659288,659288000,60,40,40,40,60,60
2022-W18,2022,18,2022-05-02,2022-05-08,2022-05-02,2022-05-08,7,7,0,5,2,0,5,2,0.7143,0.7143,2256,3500,1244,0.5514,2256000,3500000,1244000,1920368,2580900,660532,660532000,59.71,40.29,40,41,59,60
2022-W19,2022,19,2022-05-09,2022-05-15,2022-05-09,2022-05-15,7,7,0,5,2,0,5,2,0.7143,0.7143,2240,3500,1260,0.5625,2240000,3500000,1260000,1922608,2584400,661792,661792000,60,40,40,40,60,60
2022-W20,2022,20,2022-05-16,2022-05-22,2022-05-16,2022-05-22,7,7,0,7,0,0,7,0,1,1,2264,4900,2636,1.1643,2264000,4900000,2636000,1924872,2589300,664428,664428000,59.57,40.43,40,42,58,60
2022-W21,2022,21,2022-05-23,2022-05-29,2022-05-23,2022-05-29,7,7,0,5,2,0,5,2,0.7143,0.7143,2264,3500,1236,0.5459,2264000,3500000,1236000,1927136,2592800,665664,665664000,59.57,40.43,40,42,58,60
2022-W22,2022,22,2022-05-30,2022-06-05,2022-05-30,2022-06-05,7,7,0,4,3,0,4,3,0.5714,0.5714,2240,2800,560,0.25,2240000,2800000,560000,1929376,2595600,666224,666224000,60,40,40,40,60,60
2022-W23,2022,23,2022-06-06,2022-06-12,2022-06-06,2022-06-12,7,7,0,4,3,0,4,3,0.5714,0.5714,2256,2800,544,0.2411,2256000,2800000,544000,1931632,2598400,666768,666768000,59.71,40.29,40,41,59,60
2022-W24,2022,24,2022-06-13,2022-06-19,2022-06-13,2022-06-19,7,7,0,3,4,0,3,4,0.4286,0.4286,2264,2100,-164,-0.0724,2264000,2100000,-164000,1933896,2600500,666604,666604000,59.57,40.43,40,41,59,60
2022-W25,2022,25,2022-06-20,2022-06-26,2022-06-20,2022-06-26,7,7,0,6,1,0,6,1,0.8571,0.8571,2256,4200,1944,0.8617,2256000,4200000,1944000,1936152,2604700,668548,668548000,59.71,40.29,40,41,59,60
2022-W26,2022,26,2022-06-27,2022-07-03,2022-06-27,2022-07-03,7,7,0,4,3,0,4,3,0.5714,0.5714,2256,2800,544,0.2411,2256000,2800000,544000,1938408,2607500,669092,669092000,59.71,40.29,40,41,59,60
2022-W27,2022,27,2022-07-04,2022-07-10,2022-07-04,2022-07-10,7,7,0,7,0,0,7,0,1,1,2256,4900,2644,1.172,2256000,4900000,2644000,1940664,2612400,671736,671736000,59.71,40.29,40,41,59,60
2022-W28,2022,28,2022-07-11,2022-07-17,2022-07-11,2022-07-17,7,7,0,5,2,0,5,2,0.7143,0.7143,2264,3500,1236,0.5459,2264000,3500000,1236000,1942928,2615900,672972,672972000,59.57,40.43,40,41,59,60
2022-W29,2022,29,2022-07-18,2022-07-24,2022-07-18,2022-07-24,7,7,0,5,2,0,5,2,0.7143,0.7143,2248,3500,1252,0.5569,2248000,3500000,1252000,1945176,2619400,674224,674224000,59.86,40.14,40,41,59,60
2022-W30,2022,30,2022-07-25,2022-07-31,2022-07-25,2022-07-31,7,7,0,5,2,0,5,2,0.7143,0.7143,2264,3500,1236,0.5459,2264000,3500000,1236000,1947440,2622900,675460,675460000,59.57,40.43,40,41,59,60
2022-W31,2022,31,2022-08-01,2022-08-07,2022-08-01,2022-08-07,7,7,0,3,4,0,3,4,0.4286,0.4286,2240,2100,-140,-0.0625,2240000,2100000,-140000,1949680,2625000,675320,675320000,60,40,40,40,60,60
2022-W32,2022,32,2022-08-08,2022-08-14,2022-08-08,2022-08-14,7,7,0,2,5,0,2,5,0.2857,0.2857,2256,1400,-856,-0.3794,2256000,1400000,-856000,1951936,2626400,674464,674464000,59.71,40.29,40,41,59,60
2022-W33,2022,33,2022-08-15,2022-08-21,2022-08-15,2022-08-21,7,7,0,4,3,0,4,3,0.5714,0.5714,2240,2800,560,0.25,2240000,2800000,560000,1954176,2629200,675024,675024000,60,40,40,40,60,60
2022-W34,2022,34,2022-08-22,2022-08-28,2022-08-22,2022-08-28,7,7,0,5,2,0,5,2,0.7143,0.7143,2280,3500,1220,0.5351,2280000,3500000,1220000,1956456,2632700,676244,676244000,59.29,40.71,40,41,59,60
2022-W35,2022,35,2022-08-29,2022-09-04,2022-08-29,2022-09-04,7,7,0,6,1,0,6,1,0.8571,0.8571,2248,4200,1952,0.8683,2248000,4200000,1952000,1958704,2636900,678196,678196000,59.86,40.14,40,41,59,60
2022-W36,2022,36,2022-09-05,2022-09-11,2022-09-05,2022-09-11,7,7,0,6,1,0,6,1,0.8571,0.8571,2280,4200,1920,0.8421,2280000,4200000,1920000,1960984,2641100,680116,680116000,59.29,40.71,40,42,58,60
2022-W37,2022,37,2022-09-12,2022-09-18,2022-09-12,2022-09-18,7,7,0,3,4,0,3,4,0.4286,0.4286,2248,2100,-148,-0.0658,2248000,2100000,-148000,1963232,2643200,679968,679968000,59.86,40.14,40,41,59,60
2022-W38,2022,38,2022-09-19,2022-09-25,2022-09-19,2022-09-25,7,7,0,5,2,0,5,2,0.7143,0.7143,2256,3500,1244,0.5514,2256000,3500000,1244000,1965488,2646700,681212,681212000,59.71,40.29,40,41,59,60
2022-W39,2022,39,2022-09-26,2022-10-02,2022-09-26,2022-10-02,7,7,0,4,3,0,4,3,0.5714,0.5714,2240,2800,560,0.25,2240000,2800000,560000,1967728,2649500,681772,681772000,60,40,40,40,60,60
2022-W40,2022,40,2022-10-03,2022-10-09,2022-10-03,2022-10-09,7,7,0,3,4,0,3,4,0.4286,0.4286,2240,2100,-140,-0.0625,2240000,2100000,-140000,1969968,2651600,681632,681632000,60,40,40,40,60,60
2022-W41,2022,41,2022-10-10,2022-10-16,2022-10-10,2022-10-16,7,7,0,3,4,0,3,4,0.4286,0.4286,2264,2100,-164,-0.0724,2264000,2100000,-164000,1972232,2653700,681468,681468000,59.57,40.43,40,42,58,60
2022-W42,2022,42,2022-10-17,2022-10-23,2022-10-17,2022-10-23,7,7,0,4,3,0,4,3,0.5714,0.5714,2240,2800,560,0.25,2240000,2800000,560000,1974472,2656500,682028,682028000,60,40,40,40,60,60
2022-W43,2022,43,2022-10-24,2022-10-30,2022-10-24,2022-10-30,7,7,0,3,4,0,3,4,0.4286,0.4286,2248,2100,-148,-0.0658,2248000,2100000,-148000,1976720,2658600,681880,681880000,59.86,40.14,40,41,59,60
2022-W44,2022,44,2022-10-31,2022-11-06,2022-10-31,2022-11-06,7,7,0,6,1,0,6,1,0.8571,0.8571,2248,4200,1952,0.8683,2248000,4200000,1952000,1978968,2662800,683832,683832000,59.86,40.14,40,41,59,60
2022-W45,2022,45,2022-11-07,2022-11-13,2022-11-07,2022-11-13,7,7,0,2,5,0,2,5,0.2857,0.2857,2264,1400,-864,-0.3816,2264000,1400000,-864000,1981232,2664200,682968,682968000,59.57,40.43,40,41,59,60
2022-W46,2022,46,2022-11-14,2022-11-20,2022-11-14,2022-11-20,7,7,0,4,3,0,4,3,0.5714,0.5714,2240,2800,560,0.25,2240000,2800000,560000,1983472,2667000,683528,683528000,60,40,40,40,60,60
2022-W47,2022,47,2022-11-21,2022-11-27,2022-11-21,2022-11-27,7,7,0,2,5,0,2,5,0.2857,0.2857,2240,1400,-840,-0.375,2240000,1400000,-840000,1985712,2668400,682688,682688000,60,40,40,40,60,60
2022-W48,2022,48,2022-11-28,2022-12-04,2022-11-28,2022-12-04,7,7,0,3,4,0,3,4,0.4286,0.4286,2256,2100,-156,-0.0691,2256000,2100000,-156000,1987968,2670500,682532,682532000,59.71,40.29,40,41,59,60
2022-W49,2022,49,2022-12-05,2022-12-11,2022-12-05,2022-12-11,7,7,0,4,3,0,4,3,0.5714,0.5714,2264,2800,536,0.2367,2264000,2800000,536000,1990232,2673300,683068,683068000,59.57,40.43,40,42,58,60
2022-W50,2022,50,2022-12-12,2022-12-18,2022-12-12,2022-12-18,7,7,0,5,2,0,5,2,0.7143,0.7143,2248,3500,1252,0.5569,2248000,3500000,1252000,1992480,2676800,684320,684320000,59.86,40.14,40,41,59,60
2022-W51,2022,51,2022-12-19,2022-12-25,2022-12-19,2022-12-25,7,7,0,3,4,0,3,4,0.4286,0.4286,2240,2100,-140,-0.0625,2240000,2100000,-140000,1994720,2678900,684180,684180000,60,40,40,40,60,60
2022-W52,2022,52,2022-12-26,2023-01-01,2022-12-26,2023-01-01,7,7,0,6,1,0,6,1,0.8571,0.8571,2256,4200,1944,0.8617,2256000,4200000,1944000,1996976,2683100,686124,686124000,59.71,40.29,40,41,59,60
2023-W01,2023,1,2023-01-02,2023-01-08,2023-01-02,2023-01-08,7,7,0,4,3,0,4,3,0.5714,0.5714,2248,2800,552,0.2456,2248000,2800000,552000,1999224,2685900,686676,686676000,59.86,40.14,40,41,59,60
2023-W02,2023,2,2023-01-09,2023-01-15,2023-01-09,2023-01-15,7,7,0,5,2,0,5,2,0.7143,0.7143,2248,3500,1252,0.5569,2248000,3500000,1252000,2001472,2689400,687928,687928000,59.86,40.14,40,41,59,60
2023-W03,2023,3,2023-01-16,2023-01-22,2023-01-16,2023-01-20,5,5,0,3,2,0,3,2,0.6,0.6,1600,2100,500,0.3125,1600000,2100000,500000,2003072,2691500,688428,688428000,60,40,40,40,60,60
2023-W04,2023,4,2023-01-23,2023-01-29,2023-01-25,2023-01-29,5,5,0,2,3,0,2,3,0.4,0.4,1808,1400,-408,-0.2257,1808000,1400000,-408000,2004880,2692900,688020,688020000,54.8,45.2,39,66,34,61
2023-W05,2023,5,2023-01-30,2023-02-05,2023-01-30,2023-02-05,7,7,0,6,1,0,6,1,0.8571,0.8571,2272,4200,1928,0.8486,2272000,4200000,1928000,2007152,2697100,689948,689948000,59.43,40.57,40,42,58,60
2023-W06,2023,6,2023-02-06,2023-02-12,2023-02-06,2023-02-12,7,7,0,4,3,0,4,3,0.5714,0.5714,2248,2800,552,0.2456,2248000,2800000,552000,2009400,2699900,690500,690500000,59.86,40.14,40,41,59,60
2023-W07,2023,7,2023-02-13,2023-02-19,2023-02-13,2023-02-19,7,7,0,4,3,0,4,3,0.5714,0.5714,2248,2800,552,0.2456,2248000,2800000,552000,2011648,2702700,691052,691052000,59.86,40.14,40,41,59,60
2023-W08,2023,8,2023-02-20,2023-02-26,2023-02-20,2023-02-26,7,7,0,3,4,0,3,4,0.4286,0.4286,2272,2100,-172,-0.0757,2272000,2100000,-172000,2013920,2704800,690880,690880000,59.43,40.57,40,41,59,60
2023-W09,2023,9,2023-02-27,2023-03-05,2023-02-27,2023-03-05,7,7,0,3,4,0,3,4,0.4286,0.4286,2264,2100,-164,-0.0724,2264000,2100000,-164000,2016184,2706900,690716,690716000,59.57,40.43,40,42,58,60
2023-W10,2023,10,2023-03-06,2023-03-12,2023-03-06,2023-03-12,7,7,0,6,1,0,6,1,0.8571,0.8571,2248,4200,1952,0.8683,2248000,4200000,1952000,2018432,2711100,692668,692668000,59.86,40.14,40,41,59,60
2023-W11,2023,11,2023-03-13,2023-03-19,2023-03-13,2023-03-19,7,7,0,6,1,0,6,1,0.8571,0.8571,2248,4200,1952,0.8683,2248000,4200000,1952000,2020680,2715300,694620,694620000,59.86,40.14,40,41,59,60
2023-W12,2023,12,2023-03-20,2023-03-26,2023-03-20,2023-03-26,7,7,0,3,4,0,3,4,0.4286,0.4286,2240,2100,-140,-0.0625,2240000,2100000,-140000,2022920,2717400,694480,694480000,60,40,40,40,60,60
2023-W13,2023,13,2023-03-27,2023-04-02,2023-03-27,2023-04-02,7,7,0,5,2,0,5,2,0.7143,0.7143,2240,3500,1260,0.5625,2240000,3500000,1260000,2025160,2720900,695740,695740000,60,40,40,40,60,60
2023-W14,2023,14,2023-04-03,2023-04-09,2023-04-03,2023-04-09,7,7,0,5,2,0,5,2,0.7143,0.7143,2248,3500,1252,0.5569,2248000,3500000,1252000,2027408,2724400,696992,696992000,59.86,40.14,40,41,59,60
2023-W15,2023,15,2023-04-10,2023-04-16,2023-04-10,2023-04-16,7,7,0,5,2,0,5,2,0.7143,0.7143,2256,3500,1244,0.5514,2256000,3500000,1244000,2029664,2727900,698236,698236000,59.71,40.29,40,42,58,60
2023-W16,2023,16,2023-04-17,2023-04-23,2023-04-17,2023-04-23,7,7,0,4,3,0,4,3,0.5714,0.5714,2240,2800,560,0.25,2240000,2800000,560000,2031904,2730700,698796,698796000,60,40,40,40,60,60
2023-W17,2023,17,2023-04-24,2023-04-30,2023-04-24,2023-04-30,7,7,0,5,2,0,5,2,0.7143,0.7143,2240,3500,1260,0.5625,2240000,3500000,1260000,2034144,2734200,700056,700056000,60,40,40,40,60,60
2023-W18,2023,18,2023-05-01,2023-05-07,2023-05-01,2023-05-07,7,7,0,4,3,0,4,3,0.5714,0.5714,2240,2800,560,0.25,2240000,2800000,560000,2036384,2737000,700616,700616000,60,40,40,40,60,60
2023-W19,2023,19,2023-05-08,2023-05-14,2023-05-08,2023-05-14,7,7,0,3,4,0,3,4,0.4286,0.4286,2256,2100,-156,-0.0691,2256000,2100000,-156000,2038640,2739100,700460,700460000,59.71,40.29,40,41,59,60
2023-W20,2023,20,2023-05-15,2023-05-21,2023-05-15,2023-05-21,7,7,0,5,2,0,5,2,0.7143,0.7143,2240,3500,1260,0.5625,2240000,3500000,1260000,2040880,2742600,701720,701720000,60,40,40,40,60,60
2023-W21,2023,21,2023-05-22,2023-05-28,2023-05-22,2023-05-28,7,7,0,4,3,0,4,3,0.5714,0.5714,2248,2800,552,0.2456,2248000,2800000,552000,2043128,2745400,702272,702272000,59.86,40.14,40,41,59,60
2023-W22,2023,22,2023-05-29,2023-06-04,2023-05-29,2023-06-04,7,7,0,5,2,0,5,2,0.7143,0.7143,2256,3500,1244,0.5514,2256000,3500000,1244000,2045384,2748900,703516,703516000,59.71,40.29,40,41,59,60
2023-W23,2023,23,2023-06-05,2023-06-11,2023-06-05,2023-06-11,7,7,0,5,2,0,5,2,0.7143,0.7143,2248,3500,1252,0.5569,2248000,3500000,1252000,2047632,2752400,704768,704768000,59.86,40.14,40,41,59,60
2023-W24,2023,24,2023-06-12,2023-06-18,2023-06-12,2023-06-18,7,7,0,5,2,0,5,2,0.7143,0.7143,2248,3500,1252,0.5569,2248000,3500000,1252000,2049880,2755900,706020,706020000,59.86,40.14,40,41,59,60
2023-W25,2023,25,2023-06-19,2023-06-25,2023-06-19,2023-06-25,7,7,0,4,3,0,4,3,0.5714,0.5714,2256,2800,544,0.2411,2256000,2800000,544000,2052136,2758700,706564,706564000,59.71,40.29,40,41,59,60
2023-W26,2023,26,2023-06-26,2023-07-02,2023-06-26,2023-07-02,7,7,0,7,0,0,7,0,1,1,2248,4900,2652,1.1797,2248000,4900000,2652000,2054384,2763600,709216,709216000,59.86,40.14,40,41,59,60
2023-W27,2023,27,2023-07-03,2023-07-09,2023-07-03,2023-07-09,7,7,0,5,2,0,5,2,0.7143,0.7143,2264,3500,1236,0.5459,2264000,3500000,1236000,2056648,2767100,710452,710452000,59.57,40.43,40,41,59,60
2023-W28,2023,28,2023-07-10,2023-07-16,2023-07-10,2023-07-16,7,7,0,5,2,0,5,2,0.7143,0.7143,2248,3500,1252,0.5569,2248000,3500000,1252000,2058896,2770600,711704,711704000,59.86,40.14,40,41,59,60
2023-W29,2023,29,2023-07-17,2023-07-23,2023-07-17,2023-07-23,7,7,0,4,3,0,4,3,0.5714,0.5714,2240,2800,560,0.25,2240000,2800000,560000,2061136,2773400,712264,712264000,60,40,40,40,60,60
2023-W30,2023,30,2023-07-24,2023-07-30,2023-07-24,2023-07-30,7,7,0,4,3,0,4,3,0.5714,0.5714,2256,2800,544,0.2411,2256000,2800000,544000,2063392,2776200,712808,712808000,59.71,40.29,40,42,58,60
2023-W31,2023,31,2023-07-31,2023-08-06,2023-07-31,2023-08-06,7,7,0,4,3,0,4,3,0.5714,0.5714,2248,2800,552,0.2456,2248000,2800000,552000,2065640,2779000,713360,713360000,59.86,40.14,40,41,59,60
2023-W32,2023,32,2023-08-07,2023-08-13,2023-08-07,2023-08-13,7,7,0,5,2,0,5,2,0.7143,0.7143,2280,3500,1220,0.5351,2280000,3500000,1220000,2067920,2782500,714580,714580000,59.29,40.71,40,42,58,60
2023-W33,2023,33,2023-08-14,2023-08-20,2023-08-14,2023-08-20,7,7,0,3,4,0,3,4,0.4286,0.4286,2248,2100,-148,-0.0658,2248000,2100000,-148000,2070168,2784600,714432,714432000,59.86,40.14,40,41,59,60
2023-W34,2023,34,2023-08-21,2023-08-27,2023-08-21,2023-08-27,7,7,0,5,2,0,5,2,0.7143,0.7143,2256,3500,1244,0.5514,2256000,3500000,1244000,2072424,2788100,715676,715676000,59.71,40.29,40,41,59,60
2023-W35,2023,35,2023-08-28,2023-09-03,2023-08-28,2023-09-03,7,7,0,2,5,0,2,5,0.2857,0.2857,2256,1400,-856,-0.3794,2256000,1400000,-856000,2074680,2789500,714820,714820000,59.71,40.29,40,42,58,60
2023-W36,2023,36,2023-09-04,2023-09-10,2023-09-04,2023-09-10,7,7,0,7,0,0,7,0,1,1,2248,4900,2652,1.1797,2248000,4900000,2652000,2076928,2794400,717472,717472000,59.86,40.14,40,41,59,60
2023-W37,2023,37,2023-09-11,2023-09-17,2023-09-11,2023-09-17,7,7,0,6,1,0,6,1,0.8571,0.8571,2256,4200,1944,0.8617,2256000,4200000,1944000,2079184,2798600,719416,719416000,59.71,40.29,40,42,58,60
2023-W38,2023,38,2023-09-18,2023-09-24,2023-09-18,2023-09-24,7,7,0,6,1,0,6,1,0.8571,0.8571,2256,4200,1944,0.8617,2256000,4200000,1944000,2081440,2802800,721360,721360000,59.71,40.29,40,42,58,60
2023-W39,2023,39,2023-09-25,2023-10-01,2023-09-25,2023-10-01,7,7,0,3,4,0,3,4,0.4286,0.4286,2256,2100,-156,-0.0691,2256000,2100000,-156000,2083696,2804900,721204,721204000,59.71,40.29,40,41,59,60
2023-W40,2023,40,2023-10-02,2023-10-08,2023-10-02,2023-10-08,7,7,0,3,4,0,3,4,0.4286,0.4286,2256,2100,-156,-0.0691,2256000,2100000,-156000,2085952,2807000,721048,721048000,59.71,40.29,40,41,59,60
2023-W41,2023,41,2023-10-09,2023-10-15,2023-10-09,2023-10-15,7,7,0,5,2,0,5,2,0.7143,0.7143,2256,3500,1244,0.5514,2256000,3500000,1244000,2088208,2810500,722292,722292000,59.71,40.29,40,41,59,60
2023-W42,2023,42,2023-10-16,2023-10-22,2023-10-16,2023-10-22,7,7,0,3,4,0,3,4,0.4286,0.4286,2248,2100,-148,-0.0658,2248000,2100000,-148000,2090456,2812600,722144,722144000,59.86,40.14,40,41,59,60
2023-W43,2023,43,2023-10-23,2023-10-29,2023-10-23,2023-10-29,7,7,0,5,2,0,5,2,0.7143,0.7143,2264,3500,1236,0.5459,2264000,3500000,1236000,2092720,2816100,723380,723380000,59.57,40.43,40,42,58,60
2023-W44,2023,44,2023-10-30,2023-11-05,2023-10-30,2023-11-05,7,7,0,3,4,0,3,4,0.4286,0.4286,2248,2100,-148,-0.0658,2248000,2100000,-148000,2094968,2818200,723232,723232000,59.86,40.14,40,41,59,60
2023-W45,2023,45,2023-11-06,2023-11-12,2023-11-06,2023-11-12,7,7,0,4,3,0,4,3,0.5714,0.5714,2240,2800,560,0.25,2240000,2800000,560000,2097208,2821000,723792,723792000,60,40,40,40,60,60
2023-W46,2023,46,2023-11-13,2023-11-19,2023-11-13,2023-11-19,7,7,0,5,2,0,5,2,0.7143,0.7143,2248,3500,1252,0.5569,2248000,3500000,1252000,2099456,2824500,725044,725044000,59.86,40.14,40,41,59,60
2023-W47,2023,47,2023-11-20,2023-11-26,2023-11-20,2023-11-26,7,7,0,4,3,0,4,3,0.5714,0.5714,2272,2800,528,0.2324,2272000,2800000,528000,2101728,2827300,725572,725572000,59.43,40.57,40,41,59,60
2023-W48,2023,48,2023-11-27,2023-12-03,2023-11-27,2023-12-03,7,7,0,5,2,0,5,2,0.7143,0.7143,2256,3500,1244,0.5514,2256000,3500000,1244000,2103984,2830800,726816,726816000,59.71,40.29,40,41,59,60
2023-W49,2023,49,2023-12-04,2023-12-10,2023-12-04,2023-12-10,7,7,0,4,3,0,4,3,0.5714,0.5714,2256,2800,544,0.2411,2256000,2800000,544000,2106240,2833600,727360,727360000,59.71,40.29,40,41,59,60
2023-W50,2023,50,2023-12-11,2023-12-17,2023-12-11,2023-12-17,7,7,0,6,1,0,6,1,0.8571,0.8571,2240,4200,1960,0.875,2240000,4200000,1960000,2108480,2837800,729320,729320000,60,40,40,40,60,60
2023-W51,2023,51,2023-12-18,2023-12-24,2023-12-18,2023-12-24,7,7,0,6,1,0,6,1,0.8571,0.8571,2272,4200,1928,0.8486,2272000,4200000,1928000,2110752,2842000,731248,731248000,59.43,40.57,40,42,58,60
2023-W52,2023,52,2023-12-25,2023-12-31,2023-12-25,2023-12-31,7,7,0,4,3,0,4,3,0.5714,0.5714,2248,2800,552,0.2456,2248000,2800000,552000,2113000,2844800,731800,731800000,59.86,40.14,40,41,59,60
2024-W01,2024,1,2024-01-01,2024-01-07,2024-01-01,2024-01-07,7,7,0,4,3,0,4,3,0.5714,0.5714,2240,2800,560,0.25,2240000,2800000,560000,2115240,2847600,732360,732360000,60,40,40,40,60,60
2024-W02,2024,2,2024-01-08,2024-01-14,2024-01-08,2024-01-14,7,7,0,5,2,0,5,2,0.7143,0.7143,2264,3500,1236,0.5459,2264000,3500000,1236000,2117504,2851100,733596,733596000,59.57,40.43,40,41,59,60
2024-W03,2024,3,2024-01-15,2024-01-21,2024-01-15,2024-01-21,7,7,0,4,3,0,4,3,0.5714,0.5714,2256,2800,544,0.2411,2256000,2800000,544000,2119760,2853900,734140,734140000,59.71,40.29,40,42,58,60
2024-W04,2024,4,2024-01-22,2024-01-28,2024-01-22,2024-01-28,7,7,0,3,4,0,3,4,0.4286,0.4286,2248,2100,-148,-0.0658,2248000,2100000,-148000,2122008,2856000,733992,733992000,59.86,40.14,40,41,59,60
2024-W05,2024,5,2024-01-29,2024-02-04,2024-01-29,2024-02-04,7,7,0,6,1,0,6,1,0.8571,0.8571,2248,4200,1952,0.8683,2248000,4200000,1952000,2124256,2860200,735944,735944000,59.86,40.14,40,41,59,60
2024-W06,2024,6,2024-02-05,2024-02-11,2024-02-05,2024-02-08,4,4,0,3,1,0,3,1,0.75,0.75,1280,2100,820,0.6406,1280000,2100000,820000,2125536,2862300,736764,736764000,60,40,40,40,60,60
2024-W07,2024,7,2024-02-12,2024-02-18,2024-02-13,2024-02-18,6,6,0,5,1,0,5,1,0.8333,0.8333,2112,3500,1388,0.6572,2112000,3500000,1388000,2127648,2865800,738152,738152000,56,44,37,66,34,63
2024-W08,2024,8,2024-02-19,2024-02-25,2024-02-19,2024-02-25,7,7,0,4,3,0,4,3,0.5714,0.5714,2272,2800,528,0.2324,2272000,2800000,528000,2129920,2868600,738680,738680000,59.43,40.57,40,42,58,60
2024-W09,2024,9,2024-02-26,2024-03-03,2024-02-26,2024-03-03,7,7,0,5,2,0,5,2,0.7143,0.7143,2280,3500,1220,0.5351,2280000,3500000,1220000,2132200,2872100,739900,739900000,59.29,40.71,40,41,59,60
2024-W10,2024,10,2024-03-04,2024-03-10,2024-03-04,2024-03-10,7,7,0,6,1,0,6,1,0.8571,0.8571,2240,4200,1960,0.875,2240000,4200000,1960000,2134440,2876300,741860,741860000,60,40,40,40,60,60
2024-W11,2024,11,2024-03-11,2024-03-17,2024-03-11,2024-03-17,7,7,0,4,3,0,4,3,0.5714,0.5714,2248,2800,552,0.2456,2248000,2800000,552000,2136688,2879100,742412,742412000,59.86,40.14,40,41,59,60
2024-W12,2024,12,2024-03-18,2024-03-24,2024-03-18,2024-03-24,7,7,0,4,3,0,4,3,0.5714,0.5714,2264,2800,536,0.2367,2264000,2800000,536000,2138952,2881900,742948,742948000,59.57,40.43,40,41,59,60
2024-W13,2024,13,2024-03-25,2024-03-31,2024-03-25,2024-03-31,7,7,0,3,4,0,3,4,0.4286,0.4286,2248,2100,-148,-0.0658,2248000,2100000,-148000,2141200,2884000,742800,742800000,59.86,40.14,40,41,59,60
2024-W14,2024,14,2024-04-01,2024-04-07,2024-04-01,2024-04-07,7,7,0,6,1,0,6,1,0.8571,0.8571,2248,4200,1952,0.8683,2248000,4200000,1952000,2143448,2888200,744752,744752000,59.86,40.14,40,41,59,60
2024-W15,2024,15,2024-04-08,2024-04-14,2024-04-08,2024-04-14,7,7,0,4,3,0,4,3,0.5714,0.5714,2264,2800,536,0.2367,2264000,2800000,536000,2145712,2891000,745288,745288000,59.57,40.43,40,42,58,60
2024-W16,2024,16,2024-04-15,2024-04-21,2024-04-15,2024-04-21,7,7,0,4,3,0,4,3,0.5714,0.5714,2240,2800,560,0.25,2240000,2800000,560000,2147952,2893800,745848,745848000,60,40,40,40,60,60
2024-W17,2024,17,2024-04-22,2024-04-28,2024-04-22,2024-04-28,7,7,0,6,1,0,6,1,0.8571,0.8571,2240,4200,1960,0.875,2240000,4200000,1960000,2150192,2898000,747808,747808000,60,40,40,40,60,60
2024-W18,2024,18,2024-04-29,2024-05-05,2024-04-29,2024-05-05,7,7,0,0,7,0,0,7,0,0,2248,0,-2248,-1,2248000,0,-2248000,2152440,2898000,745560,745560000,59.86,40.14,40,41,59,60
2024-W19,2024,19,2024-05-06,2024-05-12,2024-05-06,2024-05-12,7,7,0,4,3,0,4,3,0.5714,0.5714,2256,2800,544,0.2411,2256000,2800000,544000,2154696,2900800,746104,746104000,59.71,40.29,40,41,59,60
2024-W20,2024,20,2024-05-13,2024-05-19,2024-05-13,2024-05-19,7,7,0,3,4,0,3,4,0.4286,0.4286,2264,2100,-164,-0.0724,2264000,2100000,-164000,2156960,2902900,745940,745940000,59.57,40.43,40,41,59,60
2024-W21,2024,21,2024-05-20,2024-05-26,2024-05-20,2024-05-26,7,7,0,5,2,0,5,2,0.7143,0.7143,2248,3500,1252,0.5569,2248000,3500000,1252000,2159208,2906400,747192,747192000,59.86,40.14,40,41,59,60
2024-W22,2024,22,2024-05-27,2024-06-02,2024-05-27,2024-06-02,7,7,0,5,2,0,5,2,0.7143,0.7143,2256,3500,1244,0.5514,2256000,3500000,1244000,2161464,2909900,748436,748436000,59.71,40.29,40,42,58,60
2024-W23,2024,23,2024-06-03,2024-06-09,2024-06-03,2024-06-09,7,7,0,6,1,0,6,1,0.8571,0.8571,2248,4200,1952,0.8683,2248000,4200000,1952000,2163712,2914100,750388,750388000,59.86,40.14,40,41,59,60
2024-W24,2024,24,2024-06-10,2024-06-16,2024-06-10,2024-06-16,7,7,0,2,5,0,2,5,0.2857,0.2857,2256,1400,-856,-0.3794,2256000,1400000,-856000,2165968,2915500,749532,749532000,59.71,40.29,40,41,59,60
2024-W25,2024,25,2024-06-17,2024-06-23,2024-06-17,2024-06-23,7,7,0,5,2,0,5,2,0.7143,0.7143,2256,3500,1244,0.5514,2256000,3500000,1244000,2168224,2919000,750776,750776000,59.71,40.29,40,41,59,60
2024-W26,2024,26,2024-06-24,2024-06-30,2024-06-24,2024-06-30,7,7,0,4,3,0,4,3,0.5714,0.5714,2272,2800,528,0.2324,2272000,2800000,528000,2170496,2921800,751304,751304000,59.43,40.57,40,42,58,60
2024-W27,2024,27,2024-07-01,2024-07-07,2024-07-01,2024-07-07,7,7,0,6,1,0,6,1,0.8571,0.8571,2272,4200,1928,0.8486,2272000,4200000,1928000,2172768,2926000,753232,753232000,59.43,40.57,40,41,59,60
2024-W28,2024,28,2024-07-08,2024-07-14,2024-07-08,2024-07-14,7,7,0,3,4,0,3,4,0.4286,0.4286,2272,2100,-172,-0.0757,2272000,2100000,-172000,2175040,2928100,753060,753060000,59.43,40.57,40,41,59,60
2024-W29,2024,29,2024-07-15,2024-07-21,2024-07-15,2024-07-21,7,7,0,3,4,0,3,4,0.4286,0.4286,2264,2100,-164,-0.0724,2264000,2100000,-164000,2177304,2930200,752896,752896000,59.57,40.43,40,41,59,60
2024-W30,2024,30,2024-07-22,2024-07-28,2024-07-22,2024-07-28,7,7,0,3,4,0,3,4,0.4286,0.4286,2256,2100,-156,-0.0691,2256000,2100000,-156000,2179560,2932300,752740,752740000,59.71,40.29,40,41,59,60
2024-W31,2024,31,2024-07-29,2024-08-04,2024-07-29,2024-08-04,7,7,0,5,2,0,5,2,0.7143,0.7143,2264,3500,1236,0.5459,2264000,3500000,1236000,2181824,2935800,753976,753976000,59.57,40.43,40,41,59,60
2024-W32,2024,32,2024-08-05,2024-08-11,2024-08-05,2024-08-11,7,7,0,4,3,0,4,3,0.5714,0.5714,2256,2800,544,0.2411,2256000,2800000,544000,2184080,2938600,754520,754520000,59.71,40.29,40,42,58,60
2024-W33,2024,33,2024-08-12,2024-08-18,2024-08-12,2024-08-18,7,7,0,3,4,0,3,4,0.4286,0.4286,2248,2100,-148,-0.0658,2248000,2100000,-148000,2186328,2940700,754372,754372000,59.86,40.14,40,41,59,60
2024-W34,2024,34,2024-08-19,2024-08-25,2024-08-19,2024-08-25,7,7,0,6,1,0,6,1,0.8571,0.8571,2248,4200,1952,0.8683,2248000,4200000,1952000,2188576,2944900,756324,756324000,59.86,40.14,40,41,59,60
2024-W35,2024,35,2024-08-26,2024-09-01,2024-08-26,2024-09-01,7,7,0,5,2,0,5,2,0.7143,0.7143,2256,3500,1244,0.5514,2256000,3500000,1244000,2190832,2948400,757568,757568000,59.71,40.29,40,42,58,60
2024-W36,2024,36,2024-09-02,2024-09-08,2024-09-02,2024-09-08,7,7,0,5,2,0,5,2,0.7143,0.7143,2264,3500,1236,0.5459,2264000,3500000,1236000,2193096,2951900,758804,758804000,59.57,40.43,40,42,58,60
2024-W37,2024,37,2024-09-09,2024-09-15,2024-09-09,2024-09-15,7,7,0,3,4,0,3,4,0.4286,0.4286,2272,2100,-172,-0.0757,2272000,2100000,-172000,2195368,2954000,758632,758632000,59.43,40.57,40,41,59,60
2024-W38,2024,38,2024-09-16,2024-09-22,2024-09-16,2024-09-22,7,7,0,4,3,0,4,3,0.5714,0.5714,2240,2800,560,0.25,2240000,2800000,560000,2197608,2956800,759192,759192000,60,40,40,40,60,60
2024-W39,2024,39,2024-09-23,2024-09-29,2024-09-23,2024-09-29,7,7,0,4,3,0,4,3,0.5714,0.5714,2248,2800,552,0.2456,2248000,2800000,552000,2199856,2959600,759744,759744000,59.86,40.14,40,41,59,60
2024-W40,2024,40,2024-09-30,2024-10-06,2024-09-30,2024-10-06,7,7,0,7,0,0,7,0,1,1,2240,4900,2660,1.1875,2240000,4900000,2660000,2202096,2964500,762404,762404000,60,40,40,40,60,60
2024-W41,2024,41,2024-10-07,2024-10-13,2024-10-07,2024-10-13,7,7,0,4,3,0,4,3,0.5714,0.5714,2280,2800,520,0.2281,2280000,2800000,520000,2204376,2967300,762924,762924000,59.29,40.71,40,42,58,60
2024-W42,2024,42,2024-10-14,2024-10-20,2024-10-14,2024-10-20,7,7,0,5,2,0,5,2,0.7143,0.7143,2264,3500,1236,0.5459,2264000,3500000,1236000,2206640,2970800,764160,764160000,59.57,40.43,40,41,59,60
2024-W43,2024,43,2024-10-21,2024-10-27,2024-10-21,2024-10-27,7,7,0,3,4,0,3,4,0.4286,0.4286,2240,2100,-140,-0.0625,2240000,2100000,-140000,2208880,2972900,764020,764020000,60,40,40,40,60,60
2024-W44,2024,44,2024-10-28,2024-11-03,2024-10-28,2024-11-03,7,7,0,6,1,0,6,1,0.8571,0.8571,2248,4200,1952,0.8683,2248000,4200000,1952000,2211128,2977100,765972,765972000,59.86,40.14,40,41,59,60
2024-W45,2024,45,2024-11-04,2024-11-10,2024-11-04,2024-11-10,7,7,0,5,2,0,5,2,0.7143,0.7143,2240,3500,1260,0.5625,2240000,3500000,1260000,2213368,2980600,767232,767232000,60,40,40,40,60,60
2024-W46,2024,46,2024-11-11,2024-11-17,2024-11-11,2024-11-17,7,7,0,5,2,0,5,2,0.7143,0.7143,2248,3500,1252,0.5569,2248000,3500000,1252000,2215616,2984100,768484,768484000,59.86,40.14,40,41,59,60
2024-W47,2024,47,2024-11-18,2024-11-24,2024-11-18,2024-11-24,7,7,0,4,3,0,4,3,0.5714,0.5714,2240,2800,560,0.25,2240000,2800000,560000,2217856,2986900,769044,769044000,60,40,40,40,60,60
2024-W48,2024,48,2024-11-25,2024-12-01,2024-11-25,2024-12-01,7,7,0,5,2,0,5,2,0.7143,0.7143,2256,3500,1244,0.5514,2256000,3500000,1244000,2220112,2990400,770288,770288000,59.71,40.29,40,41,59,60
2024-W49,2024,49,2024-12-02,2024-12-08,2024-12-02,2024-12-08,7,7,0,6,1,0,6,1,0.8571,0.8571,2248,4200,1952,0.8683,2248000,4200000,1952000,2222360,2994600,772240,772240000,59.86,40.14,40,41,59,60
2024-W50,2024,50,2024-12-09,2024-12-15,2024-12-09,2024-12-15,7,7,0,6,1,0,6,1,0.8571,0.8571,2248,4200,1952,0.8683,2248000,4200000,1952000,2224608,2998800,774192,774192000,59.86,40.14,40,41,59,60
2024-W51,2024,51,2024-12-16,2024-12-22,2024-12-16,2024-12-22,7,7,0,3,4,0,3,4,0.4286,0.4286,2272,2100,-172,-0.0757,2272000,2100000,-172000,2226880,3000900,774020,774020000,59.43,40.57,40,42,58,60
2024-W52,2024,52,2024-12-23,2024-12-29,2024-12-23,2024-12-29,7,7,0,3,4,0,3,4,0.4286,0.4286,2256,2100,-156,-0.0691,2256000,2100000,-156000,2229136,3003000,773864,773864000,59.71,40.29,40,41,59,60
2025-W01,2025,1,2024-12-30,2025-01-05,2024-12-30,2025-01-05,7,7,0,4,3,0,4,3,0.5714,0.5714,2248,2800,552,0.2456,2248000,2800000,552000,2231384,3005800,774416,774416000,59.86,40.14,40,41,59,60
2025-W02,2025,2,2025-01-06,2025-01-12,2025-01-06,2025-01-12,7,7,0,4,3,0,4,3,0.5714,0.5714,2248,2800,552,0.2456,2248000,2800000,552000,2233632,3008600,774968,774968000,59.86,40.14,40,41,59,60
2025-W03,2025,3,2025-01-13,2025-01-19,2025-01-13,2025-01-19,7,7,0,2,5,0,2,5,0.2857,0.2857,2248,1400,-848,-0.3772,2248000,1400000,-848000,2235880,3010000,774120,774120000,59.86,40.14,40,41,59,60
2025-W04,2025,4,2025-01-20,2025-01-26,2025-01-20,2025-01-26,7,7,0,6,1,0,6,1,0.8571,0.8571,2264,4200,1936,0.8551,2264000,4200000,1936000,2238144,3014200,776056,776056000,59.57,40.43,40,41,59,60
2025-W05,2025,5,2025-01-27,2025-02-02,2025-01-27,2025-02-02,3,2,1,0,2,0,0,2,0,0,656,0,-656,-1,656000,0,-656000,2238800,3014200,775400,775400000,59,41,40,42,58,60
2025-W06,2025,6,2025-02-03,2025-02-09,2025-02-03,2025-02-09,7,7,0,4,3,0,4,3,0.5714,0.5714,2248,2800,552,0.2456,2248000,2800000,552000,2241048,3017000,775952,775952000,59.86,40.14,40,41,59,60
2025-W07,2025,7,2025-02-10,2025-02-16,2025-02-10,2025-02-16,7,7,0,2,5,0,2,5,0.2857,0.2857,2264,1400,-864,-0.3816,2264000,1400000,-864000,2243312,3018400,775088,775088000,59.57,40.43,40,41,59,60
2025-W08,2025,8,2025-02-17,2025-02-23,2025-02-17,2025-02-23,7,7,0,4,3,0,4,3,0.5714,0.5714,2248,2800,552,0.2456,2248000,2800000,552000,2245560,3021200,775640,775640000,59.86,40.14,40,41,59,60
2025-W09,2025,9,2025-02-24,2025-03-02,2025-02-24,2025-03-02,7,7,0,6,1,0,6,1,0.8571,0.8571,2248,4200,1952,0.8683,2248000,4200000,1952000,2247808,3025400,777592,777592000,59.86,40.14,40,41,59,60
2025-W10,2025,10,2025-03-03,2025-03-09,2025-03-03,2025-03-09,7,7,0,6,1,0,6,1,0.8571,0.8571,2248,4200,1952,0.8683,2248000,4200000,1952000,2250056,3029600,779544,779544000,59.86,40.14,40,41,59,60
2025-W11,2025,11,2025-03-10,2025-03-16,2025-03-10,2025-03-16,7,7,0,5,2,0,5,2,0.7143,0.7143,2240,3500,1260,0.5625,2240000,3500000,1260000,2252296,3033100,780804,780804000,60,40,40,40,60,60
2025-W12,2025,12,2025-03-17,2025-03-23,2025-03-17,2025-03-23,7,7,0,4,3,0,4,3,0.5714,0.5714,2248,2800,552,0.2456,2248000,2800000,552000,2254544,3035900,781356,781356000,59.86,40.14,40,41,59,60
2025-W13,2025,13,2025-03-24,2025-03-30,2025-03-24,2025-03-30,7,7,0,6,1,0,6,1,0.8571,0.8571,2256,4200,1944,0.8617,2256000,4200000,1944000,2256800,3040100,783300,783300000,59.71,40.29,40,41,59,60
2025-W14,2025,14,2025-03-31,2025-04-06,2025-03-31,2025-04-06,7,7,0,3,4,0,3,4,0.4286,0.4286,2248,2100,-148,-0.0658,2248000,2100000,-148000,2259048,3042200,783152,783152000,59.86,40.14,40,41,59,60
2025-W15,2025,15,2025-04-07,2025-04-13,2025-04-07,2025-04-13,7,7,0,2,5,0,2,5,0.2857,0.2857,2248,1400,-848,-0.3772,2248000,1400000,-848000,2261296,3043600,782304,782304000,59.86,40.14,40,41,59,60
2025-W16,2025,16,2025-04-14,2025-04-20,2025-04-14,2025-04-20,7,7,0,2,5,0,2,5,0.2857,0.2857,2248,1400,-848,-0.3772,2248000,1400000,-848000,2263544,3045000,781456,781456000,59.86,40.14,40,41,59,60
2025-W17,2025,17,2025-04-21,2025-04-27,2025-04-21,2025-04-27,7,7,0,3,4,0,3,4,0.4286,0.4286,2248,2100,-148,-0.0658,2248000,2100000,-148000,2265792,3047100,781308,781308000,59.86,40.14,40,41,59,60
2025-W18,2025,18,2025-04-28,2025-05-04,2025-04-28,2025-05-04,7,7,0,5,2,0,5,2,0.7143,0.7143,2248,3500,1252,0.5569,2248000,3500000,1252000,2268040,3050600,782560,782560000,59.86,40.14,40,41,59,60
2025-W19,2025,19,2025-05-05,2025-05-11,2025-05-05,2025-05-11,7,7,0,2,5,0,2,5,0.2857,0.2857,2256,1400,-856,-0.3794,2256000,1400000,-856000,2270296,3052000,781704,781704000,59.71,40.29,40,41,59,60
2025-W20,2025,20,2025-05-12,2025-05-18,2025-05-12,2025-05-18,7,7,0,5,2,0,5,2,0.7143,0.7143,2256,3500,1244,0.5514,2256000,3500000,1244000,2272552,3055500,782948,782948000,59.71,40.29,40,41,59,60
2025-W21,2025,21,2025-05-19,2025-05-25,2025-05-19,2025-05-25,7,7,0,6,1,0,6,1,0.8571,0.8571,2248,4200,1952,0.8683,2248000,4200000,1952000,2274800,3059700,784900,784900000,59.86,40.14,40,41,59,60
2025-W22,2025,22,2025-05-26,2025-06-01,2025-05-26,2025-06-01,7,7,0,5,2,0,5,2,0.7143,0.7143,2240,3500,1260,0.5625,2240000,3500000,1260000,2277040,3063200,786160,786160000,60,40,40,40,60,60
2025-W23,2025,23,2025-06-02,2025-06-08,2025-06-02,2025-06-08,7,7,0,6,1,0,6,1,0.8571,0.8571,2256,4200,1944,0.8617,2256000,4200000,1944000,2279296,3067400,788104,788104000,59.71,40.29,40,41,59,60
2025-W24,2025,24,2025-06-09,2025-06-15,2025-06-09,2025-06-15,7,7,0,7,0,0,7,0,1,1,2248,4900,2652,1.1797,2248000,4900000,2652000,2281544,3072300,790756,790756000,59.86,40.14,40,41,59,60
2025-W25,2025,25,2025-06-16,2025-06-22,2025-06-16,2025-06-22,7,7,0,4,3,0,4,3,0.5714,0.5714,2248,2800,552,0.2456,2248000,2800000,552000,2283792,3075100,791308,791308000,59.86,40.14,40,41,59,60
2025-W26,2025,26,2025-06-23,2025-06-29,2025-06-23,2025-06-29,7,7,0,4,3,0,4,3,0.5714,0.5714,2256,2800,544,0.2411,2256000,2800000,544000,2286048,3077900,791852,791852000,59.71,40.29,40,41,59,60
2025-W27,2025,27,2025-06-30,2025-07-06,2025-06-30,2025-07-06,7,7,0,5,2,0,5,2,0.7143,0.7143,2248,3500,1252,0.5569,2248000,3500000,1252000,2288296,3081400,793104,793104000,59.86,40.14,40,41,59,60
2025-W28,2025,28,2025-07-07,2025-07-13,2025-07-07,2025-07-13,7,7,0,4,3,0,4,3,0.5714,0.5714,2248,2800,552,0.2456,2248000,2800000,552000,2290544,3084200,793656,793656000,59.86,40.14,40,41,59,60
2025-W29,2025,29,2025-07-14,2025-07-20,2025-07-14,2025-07-20,7,7,0,3,4,0,3,4,0.4286,0.4286,2256,2100,-156,-0.0691,2256000,2100000,-156000,2292800,3086300,793500,793500000,59.71,40.29,40,41,59,60
2025-W30,2025,30,2025-07-21,2025-07-27,2025-07-21,2025-07-27,7,7,0,6,1,0,6,1,0.8571,0.8571,2240,4200,1960,0.875,2240000,4200000,1960000,2295040,3090500,795460,795460000,60,40,40,40,60,60
2025-W31,2025,31,2025-07-28,2025-08-03,2025-07-28,2025-08-03,7,7,0,5,2,0,5,2,0.7143,0.7143,2264,3500,1236,0.5459,2264000,3500000,1236000,2297304,3094000,796696,796696000,59.57,40.43,40,42,58,60
2025-W32,2025,32,2025-08-04,2025-08-10,2025-08-04,2025-08-10,7,7,0,5,2,0,5,2,0.7143,0.7143,2248,3500,1252,0.5569,2248000,3500000,1252000,2299552,3097500,797948,797948000,59.86,40.14,40,41,59,60
2025-W33,2025,33,2025-08-11,2025-08-17,2025-08-11,2025-08-17,7,7,0,5,2,0,5,2,0.7143,0.7143,2264,3500,1236,0.5459,2264000,3500000,1236000,2301816,3101000,799184,799184000,59.57,40.43,40,41,59,60
2025-W34,2025,34,2025-08-18,2025-08-24,2025-08-18,2025-08-24,7,7,0,4,3,0,4,3,0.5714,0.5714,2240,2800,560,0.25,2240000,2800000,560000,2304056,3103800,799744,799744000,60,40,40,40,60,60
2025-W35,2025,35,2025-08-25,2025-08-31,2025-08-25,2025-08-31,7,7,0,7,0,0,7,0,1,1,2264,4900,2636,1.1643,2264000,4900000,2636000,2306320,3108700,802380,802380000,59.57,40.43,40,41,59,60
2025-W36,2025,36,2025-09-01,2025-09-07,2025-09-01,2025-09-07,7,7,0,6,1,0,6,1,0.8571,0.8571,2264,4200,1936,0.8551,2264000,4200000,1936000,2308584,3112900,804316,804316000,59.57,40.43,40,42,58,60
2025-W37,2025,37,2025-09-08,2025-09-14,2025-09-08,2025-09-14,7,7,0,5,2,0,5,2,0.7143,0.7143,2256,3500,1244,0.5514,2256000,3500000,1244000,2310840,3116400,805560,805560000,59.71,40.29,40,41,59,60
2025-W38,2025,38,2025-09-15,2025-09-21,2025-09-15,2025-09-21,7,7,0,3,4,0,3,4,0.4286,0.4286,2248,2100,-148,-0.0658,2248000,2100000,-148000,2313088,3118500,805412,805412000,59.86,40.14,40,41,59,60
2025-W39,2025,39,2025-09-22,2025-09-28,2025-09-22,2025-09-28,7,7,0,3,4,0,3,4,0.4286,0.4286,2248,2100,-148,-0.0658,2248000,2100000,-148000,2315336,3120600,805264,805264000,59.86,40.14,40,41,59,60
2025-W40,2025,40,2025-09-29,2025-10-05,2025-09-29,2025-10-05,7,7,0,5,2,0,5,2,0.7143,0.7143,2240,3500,1260,0.5625,2240000,3500000,1260000,2317576,3124100,806524,806524000,60,40,40,40,60,60
2025-W41,2025,41,2025-10-06,2025-10-12,2025-10-06,2025-10-12,7,7,0,6,1,0,6,1,0.8571,0.8571,2240,4200,1960,0.875,2240000,4200000,1960000,2319816,3128300,808484,808484000,60,40,40,40,60,60
2025-W42,2025,42,2025-10-13,2025-10-19,2025-10-13,2025-10-19,7,7,0,1,6,0,1,6,0.1429,0.1429,2240,700,-1540,-0.6875,2240000,700000,-1540000,2322056,3129000,806944,806944000,60,40,40,40,60,60
2025-W43,2025,43,2025-10-20,2025-10-26,2025-10-20,2025-10-26,7,7,0,2,5,0,2,5,0.2857,0.2857,2248,1400,-848,-0.3772,2248000,1400000,-848000,2324304,3130400,806096,806096000,59.86,40.14,40,41,59,60
2025-W44,2025,44,2025-10-27,2025-11-02,2025-10-27,2025-11-02,7,7,0,5,2,0,5,2,0.7143,0.7143,2256,3500,1244,0.5514,2256000,3500000,1244000,2326560,3133900,807340,807340000,59.71,40.29,40,42,58,60
2025-W45,2025,45,2025-11-03,2025-11-09,2025-11-03,2025-11-09,7,7,0,6,1,0,6,1,0.8571,0.8571,2248,4200,1952,0.8683,2248000,4200000,1952000,2328808,3138100,809292,809292000,59.86,40.14,40,41,59,60
2025-W46,2025,46,2025-11-10,2025-11-16,2025-11-10,2025-11-16,7,7,0,3,4,0,3,4,0.4286,0.4286,2240,2100,-140,-0.0625,2240000,2100000,-140000,2331048,3140200,809152,809152000,60,40,40,40,60,60
2025-W47,2025,47,2025-11-17,2025-11-23,2025-11-17,2025-11-23,7,7,0,5,2,0,5,2,0.7143,0.7143,2264,3500,1236,0.5459,2264000,3500000,1236000,2333312,3143700,810388,810388000,59.57,40.43,40,41,59,60
2025-W48,2025,48,2025-11-24,2025-11-30,2025-11-24,2025-11-30,7,7,0,4,3,0,4,3,0.5714,0.5714,2240,2800,560,0.25,2240000,2800000,560000,2335552,3146500,810948,810948000,60,40,40,40,60,60
2025-W49,2025,49,2025-12-01,2025-12-07,2025-12-01,2025-12-07,7,7,0,6,1,0,6,1,0.8571,0.8571,2264,4200,1936,0.8551,2264000,4200000,1936000,2337816,3150700,812884,812884000,59.57,40.43,40,41,59,60
2025-W50,2025,50,2025-12-08,2025-12-14,2025-12-08,2025-12-14,7,7,0,5,2,0,5,2,0.7143,0.7143,2248,3500,1252,0.5569,2248000,3500000,1252000,2340064,3154200,814136,814136000,59.86,40.14,40,41,59,60
2025-W51,2025,51,2025-12-15,2025-12-21,2025-12-15,2025-12-21,7,7,0,4,3,0,4,3,0.5714,0.5714,2240,2800,560,0.25,2240000,2800000,560000,2342304,3157000,814696,814696000,60,40,40,40,60,60
2025-W52,2025,52,2025-12-22,2025-12-28,2025-12-22,2025-12-28,7,7,0,6,1,0,6,1,0.8571,0.8571,2256,4200,1944,0.8617,2256000,4200000,1944000,2344560,3161200,816640,816640000,59.71,40.29,40,42,58,60
2026-W01,2026,1,2025-12-29,2026-01-04,2025-12-29,2026-01-04,7,7,0,3,4,0,3,4,0.4286,0.4286,2248,2100,-148,-0.0658,2248000,2100000,-148000,2346808,3163300,816492,816492000,59.86,40.14,40,41,59,60
2026-W02,2026,2,2026-01-05,2026-01-11,2026-01-05,2026-01-11,7,7,0,6,1,0,6,1,0.8571,0.8571,2240,4200,1960,0.875,2240000,4200000,1960000,2349048,3167500,818452,818452000,60,40,40,40,60,60
2026-W03,2026,3,2026-01-12,2026-01-18,2026-01-12,2026-01-18,7,7,0,4,3,0,4,3,0.5714,0.5714,2264,2800,536,0.2367,2264000,2800000,536000,2351312,3170300,818988,818988000,59.57,40.43,40,42,58,60
2026-W04,2026,4,2026-01-19,2026-01-25,2026-01-19,2026-01-25,7,7,0,4,3,0,4,3,0.5714,0.5714,2248,2800,552,0.2456,2248000,2800000,552000,2353560,3173100,819540,819540000,59.86,40.14,40,41,59,60
2026-W05,2026,5,2026-01-26,2026-02-01,2026-01-26,2026-02-01,7,7,0,2,5,0,2,5,0.2857,0.2857,2272,1400,-872,-0.3838,2272000,1400000,-872000,2355832,3174500,818668,818668000,59.43,40.57,40,42,58,60
2026-W06,2026,6,2026-02-02,2026-02-08,2026-02-02,2026-02-08,7,7,0,6,1,0,6,1,0.8571,0.8571,2256,4200,1944,0.8617,2256000,4200000,1944000,2358088,3178700,820612,820612000,59.71,40.29,40,41,59,60
2026-W07,2026,7,2026-02-09,2026-02-15,2026-02-09,2026-02-15,7,7,0,3,4,0,3,4,0.4286,0.4286,2240,2100,-140,-0.0625,2240000,2100000,-140000,2360328,3180800,820472,820472000,60,40,40,40,60,60
2026-W08,2026,8,2026-02-16,2026-02-22,2026-02-20,2026-02-22,3,2,1,2,0,0,2,0,1,1,632,1400,768,1.2152,632000,1400000,768000,2360960,3182200,821240,821240000,60.5,39.5,39,40,60,61
2026-W09,2026,9,2026-02-23,2026-03-01,2026-02-23,2026-03-01,7,7,0,3,4,0,3,4,0.4286,0.4286,2248,2100,-148,-0.0658,2248000,2100000,-148000,2363208,3184300,821092,821092000,59.86,40.14,40,41,59,60
2026-W10,2026,10,2026-03-02,2026-03-08,2026-03-02,2026-03-08,7,7,0,4,3,0,4,3,0.5714,0.5714,2256,2800,544,0.2411,2256000,2800000,544000,2365464,3187100,821636,821636000,59.71,40.29,40,41,59,60
2026-W11,2026,11,2026-03-09,2026-03-15,2026-03-09,2026-03-15,7,7,0,5,2,0,5,2,0.7143,0.7143,2280,3500,1220,0.5351,2280000,3500000,1220000,2367744,3190600,822856,822856000,59.29,40.71,40,42,58,60
2026-W12,2026,12,2026-03-16,2026-03-22,2026-03-16,2026-03-22,7,7,0,5,2,0,5,2,0.7143,0.7143,2248,3500,1252,0.5569,2248000,3500000,1252000,2369992,3194100,824108,824108000,59.86,40.14,40,41,59,60
2026-W13,2026,13,2026-03-23,2026-03-29,2026-03-23,2026-03-29,7,7,0,5,2,0,5,2,0.7143,0.7143,2256,3500,1244,0.5514,2256000,3500000,1244000,2372248,3197600,825352,825352000,59.71,40.29,40,41,59,60
2026-W14,2026,14,2026-03-30,2026-04-05,2026-03-30,2026-04-05,7,7,0,3,4,0,3,4,0.4286,0.4286,2248,2100,-148,-0.0658,2248000,2100000,-148000,2374496,3199700,825204,825204000,59.86,40.14,40,41,59,60
2026-W15,2026,15,2026-04-06,2026-04-12,2026-04-06,2026-04-12,7,7,0,3,4,0,3,4,0.4286,0.4286,2248,2100,-148,-0.0658,2248000,2100000,-148000,2376744,3201800,825056,825056000,59.86,40.14,40,41,59,60
2026-W16,2026,16,2026-04-13,2026-04-19,2026-04-13,2026-04-19,7,7,0,7,0,0,7,0,1,1,2240,4900,2660,1.1875,2240000,4900000,2660000,2378984,3206700,827716,827716000,60,40,40,40,60,60
2026-W17,2026,17,2026-04-20,2026-04-26,2026-04-20,2026-04-26,7,7,0,2,5,0,2,5,0.2857,0.2857,2248,1400,-848,-0.3772,2248000,1400000,-848000,2381232,3208100,826868,826868000,59.86,40.14,40,41,59,60
2026-W18,2026,18,2026-04-27,2026-05-03,2026-04-27,2026-05-03,7,7,0,6,1,0,6,1,0.8571,0.8571,2248,4200,1952,0.8683,2248000,4200000,1952000,2383480,3212300,828820,828820000,59.86,40.14,40,41,59,60
2026-W19,2026,19,2026-05-04,2026-05-10,2026-05-04,2026-05-10,7,7,0,5,2,0,5,2,0.7143,0.7143,2240,3500,1260,0.5625,2240000,3500000,1260000,2385720,3215800,830080,830080000,60,40,40,40,60,60
2026-W20,2026,20,2026-05-11,2026-05-17,2026-05-11,2026-05-17,7,7,0,4,3,0,4,3,0.5714,0.5714,2240,2800,560,0.25,2240000,2800000,560000,2387960,3218600,830640,830640000,60,40,40,40,60,60
2026-W21,2026,21,2026-05-18,2026-05-24,2026-05-18,2026-05-24,7,7,0,4,3,0,4,3,0.5714,0.5714,2248,2800,552,0.2456,2248000,2800000,552000,2390208,3221400,831192,831192000,59.86,40.14,40,41,59,60
2026-W22,2026,22,2026-05-25,2026-05-31,2026-05-25,2026-05-27,3,3,0,2,1,0,2,1,0.6667,0.6667,968,1400,432,0.4463,968000,1400000,432000,2391176,3222800,831624,831624000,59.67,40.33,40,41,59,60